Scenario,WIDTH,Code,Schedule_Chunk,Tempo_Medio,Tempo_Min,Tempo_Max,Tempo_Std,Speedup_Medio,Eficiencia_Media,Execucoes
Visão Completa,4096,paralelo_collapse,dynamic (1024),3.7337525,3.04324,5.57662,1.2324097626837973,3.5268927264365413,1.0201815007734647,4
Visão Completa,4096,paralelo_collapse,dynamic (64),3.750615,2.98303,4.18701,0.527750018948365,3.350360766501085,0.8375901916252713,4
Visão Completa,4096,paralelo_collapse,static (64),4.464618333333333,3.14903,5.93112,0.9347490040522464,2.873072676837911,0.8050566601766905,6
Visão Completa,4096,paralelo,dynamic (64),4.57009125,3.38565,6.26687,0.9818538165478824,2.8143167889084375,0.7035791972271094,8
Visão Completa,4096,paralelo,dynamic (1),4.7807075,3.01528,5.64344,0.8749519892399811,2.6828732541716285,0.8115492423561174,12
Visão Completa,4096,paralelo_collapse,dynamic (1),4.815802,3.50796,6.19357,1.0517549225794,2.668493935649649,0.7668565208288507,5
Visão Completa,4096,paralelo_collapse,guided (1024),4.972106666666666,4.8587,5.11895,0.13330800288554792,2.4858556658997752,0.6214639164749438,3
Visão Completa,4096,paralelo,dynamic (4),5.49678,5.49678,5.49678,,2.2475105259972037,0.5618776314993009,1
Visão Completa,4096,paralelo,static (64),5.545346666666666,3.05594,10.3447,2.240816894549843,2.508430933089477,0.791340604664908,9
Visão Completa,4096,paralelo_collapse,auto (0),5.683113333333334,5.60585,5.72987,0.06740350609080623,2.174026155579316,0.543506538894829,3
Visão Completa,4096,paralelo,guided (1024),5.936611666666667,5.37008,7.97647,1.002631361516618,2.120679649189985,0.8072439754004314,6
Visão Completa,4096,paralelo,static (1024),5.945081428571429,5.16568,9.00463,1.361367755181391,2.146475422981305,0.7726666835754125,7
Visão Completa,4096,paralelo,dynamic (1024),5.94551,5.31113,7.93399,1.0170183988896169,2.1200302002590337,0.8049003422322464,6
Visão Completa,4096,paralelo_collapse,guided (64),5.99055,4.84367,8.93732,1.9700813431429673,2.1972213864858148,0.5493053466214537,4
Visão Completa,4096,paralelo,guided (64),6.010697777777778,4.87576,7.83107,0.9335056683783153,2.097624963350249,0.7026930752269497,9
Visão Completa,4096,paralelo,dynamic (128),6.10797,6.10797,6.10797,,2.0226148637093684,0.5056537159273421,1
Visão Completa,4096,paralelo,auto (0),6.772575,5.4857,8.15235,1.3090432145158544,1.8825130037358109,0.7469302738484599,6
Visão Completa,4096,paralelo_collapse,static (1024),7.246878000000001,7.12612,7.43282,0.123631508200782,1.7051372456244587,0.5108551269689373,5
Visão Completa,4096,paralelo,guided (0),8.07205,8.07205,8.07205,,1.5304750229608226,0.38261875574020565,1
Visão Completa,8192,paralelo_collapse,dynamic (1024),12.004666666666665,11.8949,12.0902,0.09987974435957106,4.156115048780762,1.0390287621951906,3
Visão Completa,8192,paralelo_collapse,dynamic (64),13.267733333333334,13.0874,13.4202,0.16814093295010926,3.7606895123222834,0.9401723780805709,3
Visão Completa,8192,paralelo_collapse,static (64),14.785533333333333,14.0562,15.2523,0.6398200866910418,3.3785896791568955,0.8446474197892239,3
Visão Completa,8192,paralelo_collapse,dynamic (1),15.016766666666667,14.911,15.0844,0.0927766313967768,3.322402311638713,0.8306005779096782,3
Visão Completa,8192,paralelo_collapse,static (1024),15.205166666666665,15.151,15.2831,0.06918268087703201,3.2811974314957184,0.8202993578739296,3
Visão Completa,8192,paralelo,dynamic (64),18.2433,16.2405,20.6478,2.230940494500022,2.7615130579077345,0.6903782644769336,3
Visão Completa,8192,paralelo,dynamic (1024),19.141116666666665,15.8315,21.411,2.5421750084655192,2.6463922445731884,0.9531536511726615,6
Visão Completa,8192,paralelo,static (1024),19.235666666666667,16.1553,21.5326,2.532093262632058,2.6324185208702953,0.9483289434595751,6
Visão Completa,8192,paralelo,static (64),19.377566666666667,16.7277,21.7784,2.458668486532227,2.6099207319552318,0.9413513483475894,6
Visão Completa,8192,paralelo_collapse,guided (64),19.816633333333332,19.7472,19.9159,0.08821815761697467,2.5176387769601476,0.6294096942400369,3
Visão Completa,8192,paralelo_collapse,guided (1024),20.5211,19.4151,22.6203,1.8188351876956876,2.4433550672253266,0.6108387668063316,3
Visão Completa,8192,paralelo,guided (1024),20.524933333333333,19.0436,21.3954,1.0398832043391526,2.436057170759959,0.9007589534313479,6
Visão Completa,8192,paralelo,dynamic (1),20.69851111111111,15.804,24.5387,2.248098541792844,2.4387871269958,0.8042034024282927,9
Visão Completa,8192,paralelo_collapse,auto (0),22.111866666666668,21.8874,22.2379,0.1948830504003199,2.2563930970598722,0.5640982742649681,3
Visão Completa,8192,paralelo,guided (64),25.314116666666667,21.4057,29.9301,4.304364447124179,2.019080386163192,0.7957537911634702,6
Visão Completa,8192,paralelo,auto (0),27.884583333333335,21.3486,36.0556,7.175454927296711,1.8925273287038802,0.7645545722119076,6
Visão Completa,16384,paralelo_collapse,dynamic (1024),47.2272,47.2117,47.2512,0.02107723890835889,4.1885366821269265,1.0471341705317316,3
Visão Completa,16384,paralelo,dynamic (1024),48.69423333333333,47.2447,50.1154,1.4355602123677458,4.064704119141029,1.0161760297852573,3
Visão Completa,16384,paralelo_collapse,static (1024),50.2868,50.0201,50.5375,0.25907082043333163,3.933762643182062,0.9834406607955155,3
Visão Completa,16384,paralelo_collapse,dynamic (64),53.33083333333334,52.1699,53.9265,1.005512652000624,3.7100533981421666,0.9275133495355417,3
Visão Completa,16384,paralelo_collapse,static (64),54.5375,53.3349,55.5009,1.1026338830273639,3.628092584970261,0.9070231462425653,3
Visão Completa,16384,paralelo,dynamic (64),59.165600000000005,54.0958,62.6384,4.489633664342785,3.3567428930066647,0.8391857232516662,3
Visão Completa,16384,paralelo_collapse,dynamic (1),59.5624,58.2333,60.4443,1.1713757424498763,3.3219673638626994,0.8304918409656749,3
Visão Completa,16384,paralelo,static (1024),69.15093333333333,52.2296,84.8489,17.18589934797323,3.0161198699594185,1.0455328720380652,6
Visão Completa,16384,paralelo,guided (1024),74.4436,73.8262,75.5845,0.9891632372869564,2.6575278986711415,0.6643819746677854,3
Visão Completa,16384,paralelo_collapse,guided (1024),78.48656666666666,76.8418,81.4156,2.5430134217760862,2.5220734465533514,0.6305183616383379,3
Visão Completa,16384,paralelo_collapse,guided (64),80.30263333333333,79.5,80.8593,0.7122491301035984,2.4634715255527264,0.6158678813881816,3
Visão Completa,16384,paralelo,guided (64),81.94316666666667,77.2982,86.5276,4.614997757673716,2.419151362942457,0.6047878407356142,3
Visão Completa,16384,paralelo,static (64),82.88651666666667,72.2481,85.172,5.212602862070607,2.395347637031902,0.8896501846617854,6
Visão Completa,16384,paralelo,auto (0),85.83693333333333,84.5648,88.2503,2.0910613820099386,2.3054183869591216,0.5763545967397804,3
Visão Completa,16384,paralelo_collapse,auto (0),87.90483333333333,87.6104,88.2762,0.3395017869368826,2.2503290261851636,0.5625822565462909,3
Visão Completa,16384,paralelo,dynamic (1),98.12160000000002,69.251,144.476,28.507406422834514,2.145338510432564,0.7032051895371749,7
Zoom (Seahorse),4096,paralelo_collapse,dynamic (1024),1.3812533333333334,1.33033,1.46353,0.07192241398432996,4.336836638191948,1.084209159547987,3
Zoom (Seahorse),4096,paralelo_collapse,guided (1024),1.3956766666666667,1.34088,1.48823,0.08060508689489339,4.293723127025366,1.0734307817563415,3
Zoom (Seahorse),4096,paralelo,static (64),1.4979033333333334,1.48403,1.50771,0.012352689315826578,3.992249305186386,0.9980623262965965,3
Zoom (Seahorse),4096,paralelo,dynamic (1),1.534685,1.40416,1.89624,0.24114454330684465,3.9597862850812424,0.9899465712703106,4
Zoom (Seahorse),4096,paralelo_collapse,static (1024),1.5502566666666666,1.46444,1.65798,0.09861216676117263,3.8674886780688134,0.9668721695172033,3
Zoom (Seahorse),4096,paralelo,dynamic (1024),1.57822,1.55081,1.61742,0.03483498385244363,3.790127647804647,0.9475319119511617,3
Zoom (Seahorse),4096,paralelo,guided (64),1.57858,1.41699,1.74947,0.1803373791905975,3.8254516497657383,0.9563629124414346,4
Zoom (Seahorse),4096,paralelo_collapse,guided (64),1.6020266666666665,1.54723,1.69663,0.08227100359989137,3.738995961200461,0.9347489903001153,3
Zoom (Seahorse),4096,paralelo,static (1024),1.6156933333333334,1.59329,1.65967,0.03808717150607709,3.7023843956431004,0.9255960989107751,3
Zoom (Seahorse),4096,paralelo_collapse,dynamic (64),1.6542166666666667,1.5545,1.84556,0.16575755015483715,3.6378648129370794,0.9094662032342699,3
Zoom (Seahorse),4096,paralelo,dynamic (64),1.6574175,1.43888,2.00617,0.2487485331782548,3.6646929949827403,0.9161732487456851,4
Zoom (Seahorse),4096,paralelo,auto (0),1.6952233333333335,1.61814,1.73571,0.06678445353024416,3.5311386925307566,0.8827846731326892,3
Zoom (Seahorse),4096,paralelo,guided (1024),1.8209333333333333,1.61607,1.94264,0.17846082100375246,3.306260781255132,0.826565195313783,3
Zoom (Seahorse),4096,paralelo_collapse,static (64),1.8738766666666666,1.74994,1.97091,0.11291491147467335,3.1990124327043996,0.7997531081760999,3
Zoom (Seahorse),4096,paralelo_collapse,auto (0),1.91659,1.85627,1.98374,0.06400888141500366,3.122294957517146,0.7805737393792865,3
Zoom (Seahorse),4096,paralelo_collapse,dynamic (1),1.9174833333333332,1.85493,1.98164,0.06337021408621987,3.120801474250834,0.7802003685627085,3
Zoom (Seahorse),8192,paralelo_collapse,dynamic (1024),5.37744,5.293,5.50648,0.11351342475672165,4.292113964795987,1.0730284911989967,3
Zoom (Seahorse),8192,paralelo_collapse,guided (1024),5.42199,5.29682,5.64391,0.19271297024331252,4.259112870546318,1.0647782176365794,3
Zoom (Seahorse),8192,paralelo,dynamic (64),5.649016666666667,5.51256,5.75284,0.12341928712050378,4.085880192018111,1.0214700480045278,3
Zoom (Seahorse),8192,paralelo,dynamic (1),5.670486666666666,5.60977,5.71451,0.05432879009635027,4.069354038634351,1.0173385096585879,3
Zoom (Seahorse),8192,paralelo,guided (64),5.72963,5.67701,5.79525,0.060182426006268684,4.027396499571328,1.006849124892832,3
Zoom (Seahorse),8192,paralelo,guided (1024),5.735796666666666,5.69964,5.78357,0.043154043070532305,4.022922998526547,1.0057307496316368,3
Zoom (Seahorse),8192,paralelo,static (64),5.7366866666666665,5.66336,5.84624,0.09667239592217265,4.022902988900458,1.0057257472251144,3
Zoom (Seahorse),8192,paralelo,dynamic (1024),5.869506666666666,5.84421,5.88327,0.02193591195581671,3.931167749173093,0.9827919372932733,3
Zoom (Seahorse),8192,paralelo_collapse,dynamic (64),5.962413333333333,5.88391,6.10317,0.12216932934797253,3.870946987103577,0.9677367467758943,3
Zoom (Seahorse),8192,paralelo_collapse,guided (64),6.110836666666667,5.91684,6.2285,0.16927218387358725,3.7778441607849156,0.9444610401962289,3
Zoom (Seahorse),8192,paralelo_collapse,static (1024),6.282966666666667,6.19004,6.37013,0.09018322478894499,3.6729423253969604,0.9182355813492401,3
Zoom (Seahorse),8192,paralelo,static (1024),6.38164,6.33455,6.42276,0.04440700057423378,3.6157705398401503,0.9039426349600376,3
Zoom (Seahorse),8192,paralelo,auto (0),6.484306666666666,6.372,6.56299,0.09983582239523711,3.5589730227196306,0.8897432556799076,3
Zoom (Seahorse),8192,paralelo_collapse,static (64),6.519096666666667,6.34858,6.84649,0.2836129553340848,3.5437789848600487,0.8859447462150122,3
Zoom (Seahorse),8192,paralelo_collapse,auto (0),6.87309,6.75191,7.03613,0.14666099276903838,3.358132729710522,0.8395331824276305,3
Zoom (Seahorse),8192,paralelo_collapse,dynamic (1),7.28654,7.19068,7.41975,0.11901484403216264,3.167192720860085,0.7917981802150212,3
Zoom (Seahorse),16384,paralelo_collapse,guided (1024),21.2266,21.1775,21.2662,0.045106651394224824,4.343617335849639,1.0859043339624097,3
Zoom (Seahorse),16384,paralelo,dynamic (64),22.10093333333333,22.0718,22.1318,0.03003753207793986,4.171772392402254,1.0429430981005634,3
Zoom (Seahorse),16384,paralelo,dynamic (1),22.143033333333335,22.0703,22.2093,0.0697252704070296,4.163863114115721,1.0409657785289304,3
Zoom (Seahorse),16384,paralelo_collapse,static (1024),22.1484,22.0758,22.2481,0.08928958505895239,4.162871689626354,1.0407179224065886,3
Zoom (Seahorse),16384,paralelo,guided (1024),22.321366666666666,22.136,22.4241,0.16084652104827568,4.130712795643693,1.0326781989109233,3
Zoom (Seahorse),16384,paralelo,guided (64),22.804933333333334,22.0785,23.3486,0.6544778402156454,4.045229077102146,1.0113072692755365,3
Zoom (Seahorse),16384,paralelo_collapse,dynamic (1024),23.111500000000003,21.2348,26.7496,3.151214405590326,4.035728058885501,1.0089320147213752,3
Zoom (Seahorse),16384,paralelo,dynamic (1024),23.44803333333333,22.7019,24.4913,0.9309695233106905,3.936165448707978,0.9840413621769944,3
Zoom (Seahorse),16384,paralelo_collapse,dynamic (64),23.495833333333334,23.4869,23.5086,0.0113465119456753,3.924098499651419,0.9810246249128548,3
Zoom (Seahorse),16384,paralelo_collapse,guided (64),23.7353,23.41,23.9916,0.29687605157708313,3.884914339041869,0.9712285847604673,3
Zoom (Seahorse),16384,paralelo,static (1024),24.3223,24.3055,24.3367,0.015737852458324018,3.7907589224106366,0.9476897306026592,3
Zoom (Seahorse),16384,paralelo_collapse,static (64),24.96726666666667,24.1975,25.614,0.7162199126897635,3.6948752766278115,0.9237188191569529,3
Zoom (Seahorse),16384,paralelo,auto (0),25.59136666666667,25.2783,25.7865,0.2738576515880717,3.6030521740380554,0.9007630435095139,3
Zoom (Seahorse),16384,paralelo_collapse,auto (0),26.75916666666667,26.1595,27.1718,0.5314357189099483,3.4464610605388253,0.8616152651347063,3
Zoom (Seahorse),16384,paralelo,static (64),26.849800000000002,22.8011,34.7746,6.863620689548629,3.5694346615767985,0.8923586653941996,3
Zoom (Seahorse),16384,paralelo_collapse,dynamic (1),28.859066666666667,28.5897,29.3089,0.3920947887097367,3.1952251132154665,0.7988062783038666,3
