DataHora,TempoGasto,WIDTH,HEIGHT,MAX_ITER,RE_MIN,RE_MAX,IM_MIN,IM_MAX,Machine,Code,Schedule,ChunkSize,Threads,Scenario,T1,Speedup,Eficiencia
2026-08-24 22:18:15,9.16869,4096,4096,1000,-2.0,1.0,-1.5,1.5,deCasa,sequencial,n/a,0,1,Visão Completa,12.35407090909091,1.3474194142337574,1.3474194142337574
2026-08-24 22:25:48,8.36738,4096,4096,1000,-2.0,1.0,-1.5,1.5,deCasa,sequencial,n/a,0,1,Visão Completa,12.35407090909091,1.4764562992347554,1.4764562992347554
2026-08-24 22:27:00,9.25922,4096,4096,1000,-2.0,1.0,-1.5,1.5,deCasa,sequencial,n/a,0,1,Visão Completa,12.35407090909091,1.3342453153819556,1.3342453153819556
2026-08-24 22:31:03,9.55052,4096,4096,1000,-2.0,1.0,-1.5,1.5,deCasa,sequencial,n/a,0,1,Visão Completa,12.35407090909091,1.2935495563687536,1.2935495563687536
2026-08-24 22:33:09,33.635,8192,8192,1000,-2.0,1.0,-1.5,1.5,deCasa,sequencial,n/a,0,1,Visão Completa,49.89046666666667,1.4832902234775285,1.4832902234775285
2026-08-27 07:58:54,7.34983,4096,4096,1000,-2.0,1.0,-1.5,1.5,deCasa,sequencial,n/a,0,1,Visão Completa,12.35407090909091,1.6808648511721918,1.6808648511721918
2026-08-27 08:01:06,7.30116,4096,4096,1000,-2.0,1.0,-1.5,1.5,deCasa,sequencial,n/a,0,1,Visão Completa,12.35407090909091,1.692069603883617,1.692069603883617
2026-08-27 08:04:24,7.46083,4096,4096,1000,-2.0,1.0,-1.5,1.5,deCasa,sequencial,n/a,0,1,Visão Completa,12.35407090909091,1.6558574460336062,1.6558574460336062
2026-08-27 08:08:07,9.11924,4096,4096,1000,-2.0,1.0,-1.5,1.5,deCasa,sequencial,n/a,0,1,Visão Completa,12.35407090909091,1.3547259321051874,1.3547259321051874
2026-09-22 20:51:00,34.7746,16384,16384,5000,-0.745144,-0.742144,0.130326,0.133326,deCasa,paralelo,static,64,4,Zoom (Seahorse),92.19995,2.6513590379184806,0.6628397594796201
2026-09-22 20:52:04,10.3447,4096,4096,1000,-2.0,1.0,-1.5,1.5,deCasa,paralelo,static,64,4,Visão Completa,12.35407090909091,1.1942415835249847,0.29856039588124617
2026-09-22 20:52:58,9.00463,4096,4096,1000,-2.0,1.0,-1.5,1.5,deCasa,paralelo,static,1024,4,Visão Completa,12.35407090909091,1.3719687437563686,0.34299218593909214
2026-09-22 20:54:23,5.3798,4096,4096,1000,-2.0,1.0,-1.5,1.5,deCasa,paralelo,dynamic,1,4,Visão Completa,12.35407090909091,2.2963810753356833,0.5740952688339208
2026-09-22 20:54:51,5.30626,4096,4096,1000,-2.0,1.0,-1.5,1.5,deCasa,paralelo,dynamic,64,4,Visão Completa,12.35407090909091,2.328206855504802,0.5820517138762005
2026-09-22 20:56:45,7.93399,4096,4096,1000,-2.0,1.0,-1.5,1.5,deCasa,paralelo,dynamic,1024,4,Visão Completa,12.35407090909091,1.5571069422939667,0.3892767355734917
2026-09-22 20:57:13,8.07205,4096,4096,1000,-2.0,1.0,-1.5,1.5,deCasa,paralelo,guided,0,4,Visão Completa,12.35407090909091,1.5304750229608226,0.38261875574020565
2026-09-22 20:57:37,6.92406,4096,4096,1000,-2.0,1.0,-1.5,1.5,deCasa,paralelo,guided,64,4,Visão Completa,12.35407090909091,1.7842235493469019,0.44605588733672547
2026-09-22 20:58:01,7.97647,4096,4096,1000,-2.0,1.0,-1.5,1.5,deCasa,paralelo,guided,1024,4,Visão Completa,12.35407090909091,1.5488143137366415,0.38720357843416037
2026-09-22 20:58:48,6.10797,4096,4096,1000,-2.0,1.0,-1.5,1.5,deCasa,paralelo,dynamic,128,4,Visão Completa,12.35407090909091,2.0226148637093684,0.5056537159273421
2026-09-22 20:59:43,5.49678,4096,4096,1000,-2.0,1.0,-1.5,1.5,deCasa,paralelo,dynamic,4,4,Visão Completa,12.35407090909091,2.2475105259972037,0.5618776314993009
2026-09-22 21:01:15,6.26687,4096,4096,1000,-2.0,1.0,-1.5,1.5,deCasa,paralelo,dynamic,64,4,Visão Completa,12.35407090909091,1.9713303306261194,0.49283258265652985
2026-09-22 21:01:36,5.0773,4096,4096,1000,-2.0,1.0,-1.5,1.5,deCasa,paralelo,dynamic,64,4,Visão Completa,12.35407090909091,2.433196956865048,0.608299239216262
2026-09-22 21:01:57,5.20781,4096,4096,1000,-2.0,1.0,-1.5,1.5,deCasa,paralelo,dynamic,1,4,Visão Completa,12.35407090909091,2.3722199752085635,0.5930549938021409
2026-09-22 21:02:20,5.23829,4096,4096,1000,-2.0,1.0,-1.5,1.5,deCasa,paralelo,dynamic,1,4,Visão Completa,12.35407090909091,2.358416756057971,0.5896041890144927
2026-09-22 21:02:53,5.64344,4096,4096,1000,-2.0,1.0,-1.5,1.5,deCasa,paralelo,dynamic,1,4,Visão Completa,12.35407090909091,2.18910290693104,0.54727572673276
2026-09-22 21:04:28,20.4656,8192,8192,1000,-2.0,1.0,-1.5,1.5,deCasa,paralelo,dynamic,1,4,Visão Completa,49.89046666666667,2.43777200114664,0.60944300028666
2026-09-22 21:05:47,20.7029,8192,8192,1000,-2.0,1.0,-1.5,1.5,deCasa,paralelo,dynamic,1,4,Visão Completa,49.89046666666667,2.40982986280505,0.6024574657012625
2026-09-22 21:06:56,20.2291,8192,8192,1000,-2.0,1.0,-1.5,1.5,deCasa,paralelo,dynamic,1,4,Visão Completa,49.89046666666667,2.4662721854490153,0.6165680463622538
2026-09-22 21:11:42,84.4999,16384,16384,1000,-2.0,1.0,-1.5,1.5,deCasa,paralelo,dynamic,1,4,Visão Completa,197.81283333333332,2.34098304652826,0.585245761632065
2026-09-22 21:16:33,14.068,4096,4096,1000,-2.0,1.0,-1.5,1.5,deCasa,ponto_a_ponto,n/a,0,1,Visão Completa,12.35407090909091,0.8781682477317962,0.8781682477317962
2026-09-22 21:16:56,13.6071,4096,4096,1000,-2.0,1.0,-1.5,1.5,deCasa,ponto_a_ponto,n/a,0,1,Visão Completa,12.35407090909091,0.9079135825481482,0.9079135825481482
2026-09-22 21:17:20,13.6391,4096,4096,1000,-2.0,1.0,-1.5,1.5,deCasa,ponto_a_ponto,n/a,0,1,Visão Completa,12.35407090909091,0.9057834394564824,0.9057834394564824
2026-09-22 21:18:53,54.2481,8192,8192,1000,-2.0,1.0,-1.5,1.5,deCasa,ponto_a_ponto,n/a,0,1,Visão Completa,49.89046666666667,0.9196721482718596,0.9196721482718596
2026-09-22 21:20:34,54.8314,8192,8192,1000,-2.0,1.0,-1.5,1.5,deCasa,ponto_a_ponto,n/a,0,1,Visão Completa,49.89046666666667,0.909888616133578,0.909888616133578
2026-09-22 21:22:15,59.108,8192,8192,1000,-2.0,1.0,-1.5,1.5,deCasa,ponto_a_ponto,n/a,0,1,Visão Completa,49.89046666666667,0.844056078139451,0.844056078139451
2026-09-22 21:28:22,213.691,16384,16384,1000,-2.0,1.0,-1.5,1.5,deCasa,ponto_a_ponto,n/a,0,1,Visão Completa,197.81283333333332,0.9256956696039296,0.9256956696039296
2026-09-22 21:34:39,209.579,16384,16384,1000,-2.0,1.0,-1.5,1.5,deCasa,ponto_a_ponto,n/a,0,1,Visão Completa,197.81283333333332,0.9438580837456678,0.9438580837456678
2026-09-22 21:41:25,239.08,16384,16384,1000,-2.0,1.0,-1.5,1.5,deCasa,ponto_a_ponto,n/a,0,1,Visão Completa,197.81283333333332,0.827391807484245,0.827391807484245
2026-09-22 21:41:45,6.84303,4096,4096,5000,-0.745144,-0.742144,0.130326,0.133326,deCasa,ponto_a_ponto,n/a,0,1,Zoom (Seahorse),5.979731428571428,0.8738426440584695,0.8738426440584695
2026-09-22 21:42:04,7.38299,4096,4096,5000,-0.745144,-0.742144,0.130326,0.133326,deCasa,ponto_a_ponto,n/a,0,1,Zoom (Seahorse),5.979731428571428,0.8099335673719493,0.8099335673719493
2026-09-22 21:42:24,7.08934,4096,4096,5000,-0.745144,-0.742144,0.130326,0.133326,deCasa,ponto_a_ponto,n/a,0,1,Zoom (Seahorse),5.979731428571428,0.843482105325944,0.843482105325944
2026-09-22 21:43:40,25.3999,8192,8192,5000,-0.745144,-0.742144,0.130326,0.133326,deCasa,ponto_a_ponto,n/a,0,1,Zoom (Seahorse),23.073800000000002,0.9084208992948792,0.9084208992948792
2026-09-22 21:44:54,26.6288,8192,8192,5000,-0.745144,-0.742144,0.130326,0.133326,deCasa,ponto_a_ponto,n/a,0,1,Zoom (Seahorse),23.073800000000002,0.8664979270564203,0.8664979270564203
2026-09-22 21:46:08,26.0061,8192,8192,5000,-0.745144,-0.742144,0.130326,0.133326,deCasa,ponto_a_ponto,n/a,0,1,Zoom (Seahorse),23.073800000000002,0.88724568466629,0.88724568466629
2026-09-22 21:51:13,103.645,16384,16384,5000,-0.745144,-0.742144,0.130326,0.133326,deCasa,ponto_a_ponto,n/a,0,1,Zoom (Seahorse),92.19995,0.889574509141782,0.889574509141782
2026-09-22 21:56:12,108.524,16384,16384,5000,-0.745144,-0.742144,0.130326,0.133326,deCasa,ponto_a_ponto,n/a,0,1,Zoom (Seahorse),92.19995,0.8495811986288747,0.8495811986288747
2026-09-22 22:01:10,101.604,16384,16384,5000,-0.745144,-0.742144,0.130326,0.133326,deCasa,ponto_a_ponto,n/a,0,1,Zoom (Seahorse),92.19995,0.9074440966891067,0.9074440966891067
2026-09-22 22:01:23,4.28178,4096,4096,1000,-2.0,1.0,-1.5,1.5,deCasa,paralelo,static,64,4,Visão Completa,12.35407090909091,2.885265218925519,0.7213163047313798
2026-09-22 22:01:36,4.43433,4096,4096,1000,-2.0,1.0,-1.5,1.5,deCasa,paralelo,static,64,4,Visão Completa,12.35407090909091,2.786006208173706,0.6965015520434265
2026-09-22 22:01:48,4.42366,4096,4096,1000,-2.0,1.0,-1.5,1.5,deCasa,paralelo,static,64,4,Visão Completa,12.35407090909091,2.792726138331361,0.6981815345828403
2026-09-22 22:02:01,4.40567,4096,4096,1000,-2.0,1.0,-1.5,1.5,deCasa,paralelo,dynamic,1,4,Visão Completa,12.35407090909091,2.804129884691979,0.7010324711729947
2026-09-22 22:02:13,4.24038,4096,4096,1000,-2.0,1.0,-1.5,1.5,deCasa,paralelo,dynamic,1,4,Visão Completa,12.35407090909091,2.9134348593972494,0.7283587148493124
2026-09-22 22:02:26,4.24145,4096,4096,1000,-2.0,1.0,-1.5,1.5,deCasa,paralelo,dynamic,1,4,Visão Completa,12.35407090909091,2.9126998807226085,0.7281749701806521
2026-09-22 22:02:38,4.06629,4096,4096,1000,-2.0,1.0,-1.5,1.5,deCasa,paralelo,dynamic,64,4,Visão Completa,12.35407090909091,3.038167693177542,0.7595419232943855
2026-09-22 22:02:54,4.39679,4096,4096,1000,-2.0,1.0,-1.5,1.5,deCasa,paralelo,dynamic,64,4,Visão Completa,12.35407090909091,2.809793260331039,0.7024483150827597
2026-09-22 22:03:08,4.66385,4096,4096,1000,-2.0,1.0,-1.5,1.5,deCasa,paralelo,dynamic,64,4,Visão Completa,12.35407090909091,2.6488997092725772,0.6622249273181443
2026-09-22 22:03:25,7.83107,4096,4096,1000,-2.0,1.0,-1.5,1.5,deCasa,paralelo,guided,64,4,Visão Completa,12.35407090909091,1.5775712525990584,0.3943928131497646
2026-09-22 22:03:39,5.95643,4096,4096,1000,-2.0,1.0,-1.5,1.5,deCasa,paralelo,guided,64,4,Visão Completa,12.35407090909091,2.074073045278952,0.518518261319738
2026-09-22 22:03:54,6.29914,4096,4096,1000,-2.0,1.0,-1.5,1.5,deCasa,paralelo,guided,64,4,Visão Completa,12.35407090909091,1.9612313600096059,0.49030784000240146
2026-09-22 22:04:11,7.63477,4096,4096,1000,-2.0,1.0,-1.5,1.5,deCasa,paralelo,auto,0,4,Visão Completa,12.35407090909091,1.618132688881382,0.4045331722203455
2026-09-22 22:04:28,8.07299,4096,4096,1000,-2.0,1.0,-1.5,1.5,deCasa,paralelo,auto,0,4,Visão Completa,12.35407090909091,1.530296818042746,0.3825742045106865
2026-09-22 22:04:46,8.15235,4096,4096,1000,-2.0,1.0,-1.5,1.5,deCasa,paralelo,auto,0,4,Visão Completa,12.35407090909091,1.5153999655425625,0.3788499913856406
2026-09-22 22:05:38,16.9317,8192,8192,1000,-2.0,1.0,-1.5,1.5,deCasa,paralelo,static,64,4,Visão Completa,49.89046666666667,2.9465716181285204,0.7366429045321301
2026-09-22 22:06:32,17.8337,8192,8192,1000,-2.0,1.0,-1.5,1.5,deCasa,paralelo,static,64,4,Visão Completa,49.89046666666667,2.7975387421940856,0.6993846855485214
2026-09-22 22:07:23,16.7277,8192,8192,1000,-2.0,1.0,-1.5,1.5,deCasa,paralelo,static,64,4,Visão Completa,49.89046666666667,2.9825060627980338,0.7456265156995084
2026-09-22 22:08:17,15.804,8192,8192,1000,-2.0,1.0,-1.5,1.5,deCasa,paralelo,dynamic,1,4,Visão Completa,49.89046666666667,3.1568252763013582,0.7892063190753396
2026-09-22 22:09:27,20.4217,8192,8192,1000,-2.0,1.0,-1.5,1.5,deCasa,paralelo,dynamic,1,4,Visão Completa,49.89046666666667,2.443012416530782,0.6107531041326955
2026-09-22 22:10:33,24.5387,8192,8192,1000,-2.0,1.0,-1.5,1.5,deCasa,paralelo,dynamic,1,4,Visão Completa,49.89046666666667,2.0331340562730165,0.5082835140682541
2026-09-22 22:11:29,20.6478,8192,8192,1000,-2.0,1.0,-1.5,1.5,deCasa,paralelo,dynamic,64,4,Visão Completa,49.89046666666667,2.4162606508522297,0.6040651627130574
2026-09-22 22:12:21,17.8416,8192,8192,1000,-2.0,1.0,-1.5,1.5,deCasa,paralelo,dynamic,64,4,Visão Completa,49.89046666666667,2.796300032881954,0.6990750082204885
2026-09-22 22:13:25,16.2405,8192,8192,1000,-2.0,1.0,-1.5,1.5,deCasa,paralelo,dynamic,64,4,Visão Completa,49.89046666666667,3.0719784899890192,0.7679946224972548
2026-09-22 22:14:36,29.9301,8192,8192,1000,-2.0,1.0,-1.5,1.5,deCasa,paralelo,guided,64,4,Visão Completa,49.89046666666667,1.6668994312303222,0.41672485780758056
2026-09-22 22:15:50,27.994,8192,8192,1000,-2.0,1.0,-1.5,1.5,deCasa,paralelo,guided,64,4,Visão Completa,49.89046666666667,1.7821842775832917,0.4455460693958229
2026-09-22 22:17:01,29.6651,8192,8192,1000,-2.0,1.0,-1.5,1.5,deCasa,paralelo,guided,64,4,Visão Completa,49.89046666666667,1.681789937221404,0.420447484305351
2026-09-22 22:18:20,34.1737,8192,8192,1000,-2.0,1.0,-1.5,1.5,deCasa,paralelo,auto,0,4,Visão Completa,49.89046666666667,1.4599082530327905,0.3649770632581976
2026-09-22 22:19:30,32.8789,8192,8192,1000,-2.0,1.0,-1.5,1.5,deCasa,paralelo,auto,0,4,Visão Completa,49.89046666666667,1.5174007240712635,0.37935018101781587
2026-09-22 22:20:51,36.0556,8192,8192,1000,-2.0,1.0,-1.5,1.5,deCasa,paralelo,auto,0,4,Visão Completa,49.89046666666667,1.383709234256722,0.3459273085641805
2026-09-22 22:24:58,85.073,16384,16384,1000,-2.0,1.0,-1.5,1.5,deCasa,paralelo,static,64,4,Visão Completa,197.81283333333332,2.3252128564095935,0.5813032141023984
2026-09-22 22:29:19,84.9205,16384,16384,1000,-2.0,1.0,-1.5,1.5,deCasa,paralelo,static,64,4,Visão Completa,197.81283333333332,2.3293884672527048,0.5823471168131762
2026-09-22 22:33:26,72.2481,16384,16384,1000,-2.0,1.0,-1.5,1.5,deCasa,paralelo,static,64,4,Visão Completa,197.81283333333332,2.7379658888376763,0.6844914722094191
2026-09-22 22:37:15,69.251,16384,16384,1000,-2.0,1.0,-1.5,1.5,deCasa,paralelo,dynamic,1,4,Visão Completa,197.81283333333332,2.8564617598783166,0.7141154399695792
2026-09-22 22:41:37,86.3876,16384,16384,1000,-2.0,1.0,-1.5,1.5,deCasa,paralelo,dynamic,1,4,Visão Completa,197.81283333333332,2.289829018670889,0.5724572546677222
2026-09-22 23:05:44,132.89,16384,16384,1000,-2.0,1.0,-1.5,1.5,deCasa,paralelo,dynamic,1,4,Visão Completa,197.81283333333332,1.4885456643339103,0.3721364160834776
2026-09-22 23:06:26,144.476,16384,16384,1000,-2.0,1.0,-1.5,1.5,deCasa,paralelo,dynamic,1,4,Visão Completa,197.81283333333332,1.369174349603625,0.34229358740090626
2026-09-22 23:09:21,54.0958,16384,16384,1000,-2.0,1.0,-1.5,1.5,deCasa,paralelo,dynamic,64,4,Visão Completa,197.81283333333332,3.656713336956535,0.9141783342391337
2026-09-22 23:12:27,60.7626,16384,16384,1000,-2.0,1.0,-1.5,1.5,deCasa,paralelo,dynamic,64,4,Visão Completa,197.81283333333332,3.2555031110145602,0.8138757777536401
2026-09-22 23:15:36,62.6384,16384,16384,1000,-2.0,1.0,-1.5,1.5,deCasa,paralelo,dynamic,64,4,Visão Completa,197.81283333333332,3.1580122310488985,0.7895030577622246
2026-09-22 23:18:47,86.5276,16384,16384,1000,-2.0,1.0,-1.5,1.5,deCasa,paralelo,guided,64,4,Visão Completa,197.81283333333332,2.286124119163519,0.5715310297908798
2026-09-22 23:22:33,77.2982,16384,16384,1000,-2.0,1.0,-1.5,1.5,deCasa,paralelo,guided,64,4,Visão Completa,197.81283333333332,2.5590871887486815,0.6397717971871704
2026-09-22 23:25:43,82.0037,16384,16384,1000,-2.0,1.0,-1.5,1.5,deCasa,paralelo,guided,64,4,Visão Completa,197.81283333333332,2.41224278091517,0.6030606952287925
2026-09-22 23:28:55,84.6957,16384,16384,1000,-2.0,1.0,-1.5,1.5,deCasa,paralelo,auto,0,4,Visão Completa,197.81283333333332,2.3355711486336768,0.5838927871584192
2026-09-22 23:32:11,84.5648,16384,16384,1000,-2.0,1.0,-1.5,1.5,deCasa,paralelo,auto,0,4,Visão Completa,197.81283333333332,2.3391864384866197,0.5847966096216549
2026-09-22 23:35:22,88.2503,16384,16384,1000,-2.0,1.0,-1.5,1.5,deCasa,paralelo,auto,0,4,Visão Completa,197.81283333333332,2.2414975737570675,0.5603743934392669
2026-09-22 23:35:31,1.50771,4096,4096,5000,-0.745144,-0.742144,0.130326,0.133326,deCasa,paralelo,static,64,4,Zoom (Seahorse),5.979731428571428,3.9661018555102956,0.9915254638775739
2026-09-22 23:35:41,1.50197,4096,4096,5000,-0.745144,-0.742144,0.130326,0.133326,deCasa,paralelo,static,64,4,Zoom (Seahorse),5.979731428571428,3.981258899026897,0.9953147247567242
2026-09-22 23:35:49,1.48403,4096,4096,5000,-0.745144,-0.742144,0.130326,0.133326,deCasa,paralelo,static,64,4,Zoom (Seahorse),5.979731428571428,4.029387161021966,1.0073467902554916
2026-09-22 23:35:59,1.42088,4096,4096,5000,-0.745144,-0.742144,0.130326,0.133326,deCasa,paralelo,dynamic,1,4,Zoom (Seahorse),5.979731428571428,4.208470404658683,1.0521176011646707
2026-09-22 23:36:08,1.40416,4096,4096,5000,-0.745144,-0.742144,0.130326,0.133326,deCasa,paralelo,dynamic,1,4,Zoom (Seahorse),5.979731428571428,4.258582660502669,1.0646456651256673
2026-09-22 23:36:16,1.41746,4096,4096,5000,-0.745144,-0.742144,0.130326,0.133326,deCasa,paralelo,dynamic,1,4,Zoom (Seahorse),5.979731428571428,4.21862446105811,1.0546561152645275
2026-09-22 23:36:25,1.65461,4096,4096,5000,-0.745144,-0.742144,0.130326,0.133326,deCasa,paralelo,dynamic,64,4,Zoom (Seahorse),5.979731428571428,3.6139824058668983,0.9034956014667246
2026-09-22 23:36:34,1.53001,4096,4096,5000,-0.745144,-0.742144,0.130326,0.133326,deCasa,paralelo,dynamic,64,4,Zoom (Seahorse),5.979731428571428,3.9082956507287063,0.9770739126821766
2026-09-22 23:36:43,1.43888,4096,4096,5000,-0.745144,-0.742144,0.130326,0.133326,deCasa,paralelo,dynamic,64,4,Zoom (Seahorse),5.979731428571428,4.155823577067878,1.0389558942669694
2026-09-22 23:36:52,1.41699,4096,4096,5000,-0.745144,-0.742144,0.130326,0.133326,deCasa,paralelo,guided,64,4,Zoom (Seahorse),5.979731428571428,4.2200237323985546,1.0550059330996386
2026-09-22 23:37:00,1.42866,4096,4096,5000,-0.745144,-0.742144,0.130326,0.133326,deCasa,paralelo,guided,64,4,Zoom (Seahorse),5.979731428571428,4.185552495745264,1.046388123936316
2026-09-22 23:37:09,1.7192,4096,4096,5000,-0.745144,-0.742144,0.130326,0.133326,deCasa,paralelo,guided,64,4,Zoom (Seahorse),5.979731428571428,3.4782058100113007,0.8695514525028252
2026-09-22 23:37:19,1.73182,4096,4096,5000,-0.745144,-0.742144,0.130326,0.133326,deCasa,paralelo,auto,0,4,Zoom (Seahorse),5.979731428571428,3.4528596670389695,0.8632149167597424
2026-09-22 23:37:28,1.73571,4096,4096,5000,-0.745144,-0.742144,0.130326,0.133326,deCasa,paralelo,auto,0,4,Zoom (Seahorse),5.979731428571428,3.4451212636739017,0.8612803159184754
2026-09-22 23:37:37,1.61814,4096,4096,5000,-0.745144,-0.742144,0.130326,0.133326,deCasa,paralelo,auto,0,4,Zoom (Seahorse),5.979731428571428,3.695435146879398,0.9238587867198494
2026-09-22 23:38:13,5.66336,8192,8192,5000,-0.745144,-0.742144,0.130326,0.133326,deCasa,paralelo,static,64,4,Zoom (Seahorse),23.073800000000002,4.074224488642785,1.0185561221606962
2026-09-22 23:38:50,5.70046,8192,8192,5000,-0.745144,-0.742144,0.130326,0.133326,deCasa,paralelo,static,64,4,Zoom (Seahorse),23.073800000000002,4.0477084305477105,1.0119271076369276
2026-09-22 23:39:26,5.84624,8192,8192,5000,-0.745144,-0.742144,0.130326,0.133326,deCasa,paralelo,static,64,4,Zoom (Seahorse),23.073800000000002,3.946776047510879,0.9866940118777198
2026-09-22 23:40:02,5.68718,8192,8192,5000,-0.745144,-0.742144,0.130326,0.133326,deCasa,paralelo,dynamic,1,4,Zoom (Seahorse),23.073800000000002,4.057160139119916,1.014290034779979
2026-09-22 23:40:39,5.71451,8192,8192,5000,-0.745144,-0.742144,0.130326,0.133326,deCasa,paralelo,dynamic,1,4,Zoom (Seahorse),23.073800000000002,4.037756518056667,1.0094391295141667
2026-09-22 23:41:13,5.60977,8192,8192,5000,-0.745144,-0.742144,0.130326,0.133326,deCasa,paralelo,dynamic,1,4,Zoom (Seahorse),23.073800000000002,4.113145458726472,1.028286364681618
2026-09-22 23:41:47,5.75284,8192,8192,5000,-0.745144,-0.742144,0.130326,0.133326,deCasa,paralelo,dynamic,64,4,Zoom (Seahorse),23.073800000000002,4.010853769616398,1.0027134424040995
2026-09-22 23:42:22,5.68165,8192,8192,5000,-0.745144,-0.742144,0.130326,0.133326,deCasa,paralelo,dynamic,64,4,Zoom (Seahorse),23.073800000000002,4.061109008826661,1.0152772522066653
2026-09-22 23:42:57,5.51256,8192,8192,5000,-0.745144,-0.742144,0.130326,0.133326,deCasa,paralelo,dynamic,64,4,Zoom (Seahorse),23.073800000000002,4.185677797611274,1.0464194494028185
2026-09-22 23:43:32,5.79525,8192,8192,5000,-0.745144,-0.742144,0.130326,0.133326,deCasa,paralelo,guided,64,4,Zoom (Seahorse),23.073800000000002,3.9815020922307065,0.9953755230576766
2026-09-22 23:44:07,5.67701,8192,8192,5000,-0.745144,-0.742144,0.130326,0.133326,deCasa,paralelo,guided,64,4,Zoom (Seahorse),23.073800000000002,4.064428281789182,1.0161070704472954
2026-09-22 23:44:42,5.71663,8192,8192,5000,-0.745144,-0.742144,0.130326,0.133326,deCasa,paralelo,guided,64,4,Zoom (Seahorse),23.073800000000002,4.036259124694094,1.0090647811735236
2026-09-22 23:45:18,6.56299,8192,8192,5000,-0.745144,-0.742144,0.130326,0.133326,deCasa,paralelo,auto,0,4,Zoom (Seahorse),23.073800000000002,3.5157451100794,0.87893627751985
2026-09-22 23:45:53,6.372,8192,8192,5000,-0.745144,-0.742144,0.130326,0.133326,deCasa,paralelo,auto,0,4,Zoom (Seahorse),23.073800000000002,3.6211236660389208,0.9052809165097302
2026-09-22 23:46:28,6.51793,8192,8192,5000,-0.745144,-0.742144,0.130326,0.133326,deCasa,paralelo,auto,0,4,Zoom (Seahorse),23.073800000000002,3.5400502920405716,0.8850125730101429
2026-09-22 23:48:50,22.9737,16384,16384,5000,-0.745144,-0.742144,0.130326,0.133326,deCasa,paralelo,static,64,4,Zoom (Seahorse),92.19995,4.013282579645421,1.0033206449113552
2026-09-22 23:51:12,22.8011,16384,16384,5000,-0.745144,-0.742144,0.130326,0.133326,deCasa,paralelo,static,64,4,Zoom (Seahorse),92.19995,4.043662367166496,1.010915591791624
2026-09-22 23:53:34,22.2093,16384,16384,5000,-0.745144,-0.742144,0.130326,0.133326,deCasa,paralelo,dynamic,1,4,Zoom (Seahorse),92.19995,4.15141179595935,1.0378529489898376
2026-09-22 23:55:56,22.0703,16384,16384,5000,-0.745144,-0.742144,0.130326,0.133326,deCasa,paralelo,dynamic,1,4,Zoom (Seahorse),92.19995,4.1775576226875035,1.0443894056718759
2026-09-22 23:58:16,22.1495,16384,16384,5000,-0.745144,-0.742144,0.130326,0.133326,deCasa,paralelo,dynamic,1,4,Zoom (Seahorse),92.19995,4.162619923700309,1.0406549809250774
2026-09-23 00:00:38,22.0718,16384,16384,5000,-0.745144,-0.742144,0.130326,0.133326,deCasa,paralelo,dynamic,64,4,Zoom (Seahorse),92.19995,4.177273715782129,1.0443184289455323
2026-09-23 00:03:00,22.0992,16384,16384,5000,-0.745144,-0.742144,0.130326,0.133326,deCasa,paralelo,dynamic,64,4,Zoom (Seahorse),92.19995,4.172094464958008,1.043023616239502
2026-09-23 00:05:20,22.1318,16384,16384,5000,-0.745144,-0.742144,0.130326,0.133326,deCasa,paralelo,dynamic,64,4,Zoom (Seahorse),92.19995,4.165948996466623,1.0414872491166558
2026-09-23 00:07:42,22.9877,16384,16384,5000,-0.745144,-0.742144,0.130326,0.133326,deCasa,paralelo,guided,64,4,Zoom (Seahorse),92.19995,4.0108384048860914,1.0027096012215229
2026-09-23 00:10:03,22.0785,16384,16384,5000,-0.745144,-0.742144,0.130326,0.133326,deCasa,paralelo,guided,64,4,Zoom (Seahorse),92.19995,4.176006069252893,1.0440015173132233
2026-09-23 00:12:26,23.3486,16384,16384,5000,-0.745144,-0.742144,0.130326,0.133326,deCasa,paralelo,guided,64,4,Zoom (Seahorse),92.19995,3.948842757167453,0.9872106892918633
2026-09-23 00:14:54,25.7865,16384,16384,5000,-0.745144,-0.742144,0.130326,0.133326,deCasa,paralelo,auto,0,4,Zoom (Seahorse),92.19995,3.5755123805091813,0.8938780951272953
2026-09-23 00:17:18,25.7093,16384,16384,5000,-0.745144,-0.742144,0.130326,0.133326,deCasa,paralelo,auto,0,4,Zoom (Seahorse),92.19995,3.5862489449343236,0.8965622362335809
2026-09-23 00:19:43,25.2783,16384,16384,5000,-0.745144,-0.742144,0.130326,0.133326,deCasa,paralelo,auto,0,4,Zoom (Seahorse),92.19995,3.647395196670662,0.9118487991676655
2026-09-23 07:03:06,7.41378,4096,4096,1000,-2.0,2.0,-2.0,0.133326,deCasa,ponto_a_ponto,n/a,0,1,Visão Completa,12.35407090909091,1.6663659980591425,1.6663659980591425
2026-09-23 07:04:08,10.9068,4096,4096,1000,-2.0,1.0,-1.5,1.5,deCasa,ponto_a_ponto,n/a,0,1,Visão Completa,12.35407090909091,1.1326943658168216,1.1326943658168216
2026-09-23 07:57:52,11.5353,4096,4096,1000,-2.0,1.0,-1.5,1.5,deCasa,ponto_a_ponto,n/a,0,1,Visão Completa,12.35407090909091,1.070979593863264,1.070979593863264
2026-09-23 07:58:06,5.32985,4096,4096,5000,-0.745144,-0.742144,0.130326,0.133326,deCasa,ponto_a_ponto,n/a,0,1,Zoom (Seahorse),5.979731428571428,1.1219324049591317,1.1219324049591317
2026-09-23 07:58:17,3.53878,4096,4096,1000,-2.0,1.0,-1.5,1.5,deCasa,paralelo,dynamic,1,4,Visão Completa,12.35407090909091,3.4910536707822777,0.8727634176955694
2026-09-23 07:58:28,3.39772,4096,4096,1000,-2.0,1.0,-1.5,1.5,deCasa,paralelo,dynamic,64,4,Visão Completa,12.35407090909091,3.6359885185038525,0.9089971296259631
2026-09-23 07:58:40,4.88414,4096,4096,1000,-2.0,1.0,-1.5,1.5,deCasa,paralelo,guided,64,4,Visão Completa,12.35407090909091,2.5294260420649097,0.6323565105162274
2026-09-23 07:58:51,1.89624,4096,4096,5000,-0.745144,-0.742144,0.130326,0.133326,deCasa,paralelo,dynamic,1,4,Zoom (Seahorse),5.979731428571428,3.153467614105508,0.788366903526377
2026-09-23 07:59:01,2.00617,4096,4096,5000,-0.745144,-0.742144,0.130326,0.133326,deCasa,paralelo,dynamic,64,4,Zoom (Seahorse),5.979731428571428,2.980670346267479,0.7451675865668698
2026-09-23 07:59:12,1.74947,4096,4096,5000,-0.745144,-0.742144,0.130326,0.133326,deCasa,paralelo,guided,64,4,Zoom (Seahorse),5.979731428571428,3.418024560907834,0.8545061402269585
2026-09-23 08:00:09,4.56564,4096,4096,1000,-2.0,1.0,-1.5,1.5,deCasa,paralelo_collapse,static,64,4,Visão Completa,12.35407090909091,2.7058793310665994,0.6764698327666498
2026-09-23 08:00:22,4.30248,4096,4096,1000,-2.0,1.0,-1.5,1.5,deCasa,paralelo_collapse,static,64,4,Visão Completa,12.35407090909091,2.8713836924496823,0.7178459231124206
2026-09-23 08:00:34,4.8924,4096,4096,1000,-2.0,1.0,-1.5,1.5,deCasa,paralelo_collapse,static,64,4,Visão Completa,12.35407090909091,2.525155528797913,0.6312888821994782
2026-09-23 08:00:50,4.78023,4096,4096,1000,-2.0,1.0,-1.5,1.5,deCasa,paralelo_collapse,dynamic,1,4,Visão Completa,12.35407090909091,2.5844093085669324,0.6461023271417331
2026-09-23 08:01:04,5.43667,4096,4096,1000,-2.0,1.0,-1.5,1.5,deCasa,paralelo_collapse,dynamic,1,4,Visão Completa,12.35407090909091,2.272359902125917,0.5680899755314792
2026-09-23 08:01:19,4.16058,4096,4096,1000,-2.0,1.0,-1.5,1.5,deCasa,paralelo_collapse,dynamic,1,4,Visão Completa,12.35407090909091,2.9693145929391833,0.7423286482347958
2026-09-23 08:01:32,3.93955,4096,4096,1000,-2.0,1.0,-1.5,1.5,deCasa,paralelo_collapse,dynamic,64,4,Visão Completa,12.35407090909091,3.1359091543681155,0.7839772885920289
2026-09-23 08:01:45,4.18701,4096,4096,1000,-2.0,1.0,-1.5,1.5,deCasa,paralelo_collapse,dynamic,64,4,Visão Completa,12.35407090909091,2.9505711496010063,0.7376427874002516
2026-09-23 08:01:57,3.89287,4096,4096,1000,-2.0,1.0,-1.5,1.5,deCasa,paralelo_collapse,dynamic,64,4,Visão Completa,12.35407090909091,3.1735123210101825,0.7933780802525456
2026-09-23 08:02:15,8.93732,4096,4096,1000,-2.0,1.0,-1.5,1.5,deCasa,paralelo_collapse,guided,64,4,Visão Completa,12.35407090909091,1.382301507509064,0.345575376877266
2026-09-23 08:02:28,4.97864,4096,4096,1000,-2.0,1.0,-1.5,1.5,deCasa,paralelo_collapse,guided,64,4,Visão Completa,12.35407090909091,2.4814147857830466,0.6203536964457617
2026-09-23 08:02:40,5.20257,4096,4096,1000,-2.0,1.0,-1.5,1.5,deCasa,paralelo_collapse,guided,64,4,Visão Completa,12.35407090909091,2.374609262170602,0.5936523155426505
2026-09-23 08:02:54,5.60585,4096,4096,1000,-2.0,1.0,-1.5,1.5,deCasa,paralelo_collapse,auto,0,4,Visão Completa,12.35407090909091,2.203781925861539,0.5509454814653848
2026-09-23 08:03:06,5.71362,4096,4096,1000,-2.0,1.0,-1.5,1.5,deCasa,paralelo_collapse,auto,0,4,Visão Completa,12.35407090909091,2.1622143070576816,0.5405535767644204
2026-09-23 08:03:19,5.72987,4096,4096,1000,-2.0,1.0,-1.5,1.5,deCasa,paralelo_collapse,auto,0,4,Visão Completa,12.35407090909091,2.156082233818727,0.5390205584546818
2026-09-23 08:04:00,14.0562,8192,8192,1000,-2.0,1.0,-1.5,1.5,deCasa,paralelo_collapse,static,64,4,Visão Completa,49.89046666666667,3.549356630288888,0.887339157572222
2026-09-23 08:04:43,15.0481,8192,8192,1000,-2.0,1.0,-1.5,1.5,deCasa,paralelo_collapse,static,64,4,Visão Completa,49.89046666666667,3.3153997293124493,0.8288499323281123
2026-09-23 08:05:25,15.2523,8192,8192,1000,-2.0,1.0,-1.5,1.5,deCasa,paralelo_collapse,static,64,4,Visão Completa,49.89046666666667,3.271012677869349,0.8177531694673372
2026-09-23 08:06:08,14.911,8192,8192,1000,-2.0,1.0,-1.5,1.5,deCasa,paralelo_collapse,dynamic,1,4,Visão Completa,49.89046666666667,3.3458833523349654,0.8364708380837413
2026-09-23 08:06:51,15.0844,8192,8192,1000,-2.0,1.0,-1.5,1.5,deCasa,paralelo_collapse,dynamic,1,4,Visão Completa,49.89046666666667,3.3074213536280306,0.8268553384070076
2026-09-23 08:07:33,15.0549,8192,8192,1000,-2.0,1.0,-1.5,1.5,deCasa,paralelo_collapse,dynamic,1,4,Visão Completa,49.89046666666667,3.313902228953143,0.8284755572382857
2026-09-23 08:08:14,13.4202,8192,8192,1000,-2.0,1.0,-1.5,1.5,deCasa,paralelo_collapse,dynamic,64,4,Visão Completa,49.89046666666667,3.7175650636105773,0.9293912659026443
2026-09-23 08:08:54,13.0874,8192,8192,1000,-2.0,1.0,-1.5,1.5,deCasa,paralelo_collapse,dynamic,64,4,Visão Completa,49.89046666666667,3.812099169175441,0.9530247922938603
2026-09-23 08:09:34,13.2956,8192,8192,1000,-2.0,1.0,-1.5,1.5,deCasa,paralelo_collapse,dynamic,64,4,Visão Completa,49.89046666666667,3.752404304180832,0.938101076045208
2026-09-23 08:10:22,19.7868,8192,8192,1000,-2.0,1.0,-1.5,1.5,deCasa,paralelo_collapse,guided,64,4,Visão Completa,49.89046666666667,2.5214014730358962,0.6303503682589741
2026-09-23 08:11:08,19.9159,8192,8192,1000,-2.0,1.0,-1.5,1.5,deCasa,paralelo_collapse,guided,64,4,Visão Completa,49.89046666666667,2.505057098432241,0.6262642746080602
2026-09-23 08:11:54,19.7472,8192,8192,1000,-2.0,1.0,-1.5,1.5,deCasa,paralelo_collapse,guided,64,4,Visão Completa,49.89046666666667,2.526457759412305,0.6316144398530763
2026-09-23 08:12:43,22.2103,8192,8192,1000,-2.0,1.0,-1.5,1.5,deCasa,paralelo_collapse,auto,0,4,Visão Completa,49.89046666666667,2.246276127142212,0.561569031785553
2026-09-23 08:13:32,22.2379,8192,8192,1000,-2.0,1.0,-1.5,1.5,deCasa,paralelo_collapse,auto,0,4,Visão Completa,49.89046666666667,2.2434882190614522,0.5608720547653631
2026-09-23 08:14:20,21.8874,8192,8192,1000,-2.0,1.0,-1.5,1.5,deCasa,paralelo_collapse,auto,0,4,Visão Completa,49.89046666666667,2.2794149449759527,0.5698537362439882
2026-09-23 08:17:00,53.3349,16384,16384,1000,-2.0,1.0,-1.5,1.5,deCasa,paralelo_collapse,static,64,4,Visão Completa,197.81283333333332,3.7088816766007495,0.9272204191501874
2026-09-23 08:19:42,54.7767,16384,16384,1000,-2.0,1.0,-1.5,1.5,deCasa,paralelo_collapse,static,64,4,Visão Completa,197.81283333333332,3.611258679937516,0.902814669984379
2026-09-23 08:22:25,55.5009,16384,16384,1000,-2.0,1.0,-1.5,1.5,deCasa,paralelo_collapse,static,64,4,Visão Completa,197.81283333333332,3.5641373983725186,0.8910343495931297
2026-09-23 08:25:15,60.4443,16384,16384,1000,-2.0,1.0,-1.5,1.5,deCasa,paralelo_collapse,dynamic,1,4,Visão Completa,197.81283333333332,3.2726466074275544,0.8181616518568886
2026-09-23 08:28:00,58.2333,16384,16384,1000,-2.0,1.0,-1.5,1.5,deCasa,paralelo_collapse,dynamic,1,4,Visão Completa,197.81283333333332,3.3969023451072378,0.8492255862768094
2026-09-23 08:30:50,60.0096,16384,16384,1000,-2.0,1.0,-1.5,1.5,deCasa,paralelo_collapse,dynamic,1,4,Visão Completa,197.81283333333332,3.296353139053307,0.8240882847633267
2026-09-23 08:33:29,52.1699,16384,16384,1000,-2.0,1.0,-1.5,1.5,deCasa,paralelo_collapse,dynamic,64,4,Visão Completa,197.81283333333332,3.7917042841434108,0.9479260710358527
2026-09-23 08:36:08,53.8961,16384,16384,1000,-2.0,1.0,-1.5,1.5,deCasa,paralelo_collapse,dynamic,64,4,Visão Completa,197.81283333333332,3.6702624741555203,0.9175656185388801
2026-09-23 08:38:51,53.9265,16384,16384,1000,-2.0,1.0,-1.5,1.5,deCasa,paralelo_collapse,dynamic,64,4,Visão Completa,197.81283333333332,3.6681934361275688,0.9170483590318922
2026-09-23 08:41:58,80.5486,16384,16384,1000,-2.0,1.0,-1.5,1.5,deCasa,paralelo_collapse,guided,64,4,Visão Completa,197.81283333333332,2.4558196335297366,0.6139549083824342
2026-09-23 08:45:06,80.8593,16384,16384,1000,-2.0,1.0,-1.5,1.5,deCasa,paralelo_collapse,guided,64,4,Visão Completa,197.81283333333332,2.4463832030865134,0.6115958007716283
2026-09-23 08:48:11,79.5,16384,16384,1000,-2.0,1.0,-1.5,1.5,deCasa,paralelo_collapse,guided,64,4,Visão Completa,197.81283333333332,2.4882117400419284,0.6220529350104821
2026-09-23 08:51:23,87.8279,16384,16384,1000,-2.0,1.0,-1.5,1.5,deCasa,paralelo_collapse,auto,0,4,Visão Completa,197.81283333333332,2.2522778448913536,0.5630694612228384
2026-09-23 08:54:39,88.2762,16384,16384,1000,-2.0,1.0,-1.5,1.5,deCasa,paralelo_collapse,auto,0,4,Visão Completa,197.81283333333332,2.240839924388831,0.5602099810972078
2026-09-23 08:57:54,87.6104,16384,16384,1000,-2.0,1.0,-1.5,1.5,deCasa,paralelo_collapse,auto,0,4,Visão Completa,197.81283333333332,2.2578693092753066,0.5644673273188267
2026-09-23 08:58:04,1.97091,4096,4096,5000,-0.745144,-0.742144,0.130326,0.133326,deCasa,paralelo_collapse,static,64,4,Zoom (Seahorse),5.979731428571428,3.033995174092895,0.7584987935232238
2026-09-23 08:58:13,1.74994,4096,4096,5000,-0.745144,-0.742144,0.130326,0.133326,deCasa,paralelo_collapse,static,64,4,Zoom (Seahorse),5.979731428571428,3.4171065456938114,0.8542766364234529
2026-09-23 08:58:23,1.90078,4096,4096,5000,-0.745144,-0.742144,0.130326,0.133326,deCasa,paralelo_collapse,static,64,4,Zoom (Seahorse),5.979731428571428,3.1459355783264913,0.7864838945816228
2026-09-23 08:58:33,1.98164,4096,4096,5000,-0.745144,-0.742144,0.130326,0.133326,deCasa,paralelo_collapse,dynamic,1,4,Zoom (Seahorse),5.979731428571428,3.017566979154351,0.7543917447885877
2026-09-23 08:58:43,1.85493,4096,4096,5000,-0.745144,-0.742144,0.130326,0.133326,deCasa,paralelo_collapse,dynamic,1,4,Zoom (Seahorse),5.979731428571428,3.223696543034739,0.8059241357586847
2026-09-23 08:58:54,1.91588,4096,4096,5000,-0.745144,-0.742144,0.130326,0.133326,deCasa,paralelo_collapse,dynamic,1,4,Zoom (Seahorse),5.979731428571428,3.121140900563411,0.7802852251408527
2026-09-23 08:59:04,1.56259,4096,4096,5000,-0.745144,-0.742144,0.130326,0.133326,deCasa,paralelo_collapse,dynamic,64,4,Zoom (Seahorse),5.979731428571428,3.826807690162761,0.9567019225406902
2026-09-23 08:59:14,1.5545,4096,4096,5000,-0.745144,-0.742144,0.130326,0.133326,deCasa,paralelo_collapse,dynamic,64,4,Zoom (Seahorse),5.979731428571428,3.846723337775123,0.9616808344437807
2026-09-23 08:59:24,1.84556,4096,4096,5000,-0.745144,-0.742144,0.130326,0.133326,deCasa,paralelo_collapse,dynamic,64,4,Zoom (Seahorse),5.979731428571428,3.2400634108733546,0.8100158527183386
2026-09-23 08:59:33,1.54723,4096,4096,5000,-0.745144,-0.742144,0.130326,0.133326,deCasa,paralelo_collapse,guided,64,4,Zoom (Seahorse),5.979731428571428,3.8647980123003225,0.9661995030750806
2026-09-23 08:59:43,1.69663,4096,4096,5000,-0.745144,-0.742144,0.130326,0.133326,deCasa,paralelo_collapse,guided,64,4,Zoom (Seahorse),5.979731428571428,3.5244758306592647,0.8811189576648162
2026-09-23 08:59:53,1.56222,4096,4096,5000,-0.745144,-0.742144,0.130326,0.133326,deCasa,paralelo_collapse,guided,64,4,Zoom (Seahorse),5.979731428571428,3.8277140406417973,0.9569285101604493
2026-09-23 09:00:03,1.90976,4096,4096,5000,-0.745144,-0.742144,0.130326,0.133326,deCasa,paralelo_collapse,auto,0,4,Zoom (Seahorse),5.979731428571428,3.131142881080046,0.7827857202700115
2026-09-23 09:00:13,1.85627,4096,4096,5000,-0.745144,-0.742144,0.130326,0.133326,deCasa,paralelo_collapse,auto,0,4,Zoom (Seahorse),5.979731428571428,3.22136942824666,0.805342357061665
2026-09-23 09:00:23,1.98374,4096,4096,5000,-0.745144,-0.742144,0.130326,0.133326,deCasa,paralelo_collapse,auto,0,4,Zoom (Seahorse),5.979731428571428,3.014372563224731,0.7535931408061828
2026-09-23 09:01:02,6.84649,8192,8192,5000,-0.745144,-0.742144,0.130326,0.133326,deCasa,paralelo_collapse,static,64,4,Zoom (Seahorse),23.073800000000002,3.370164858197412,0.842541214549353
2026-09-23 09:01:40,6.34858,8192,8192,5000,-0.745144,-0.742144,0.130326,0.133326,deCasa,paralelo_collapse,static,64,4,Zoom (Seahorse),23.073800000000002,3.6344820416534094,0.9086205104133523
2026-09-23 09:02:20,6.36222,8192,8192,5000,-0.745144,-0.742144,0.130326,0.133326,deCasa,paralelo_collapse,static,64,4,Zoom (Seahorse),23.073800000000002,3.6266900547293246,0.9066725136823311
2026-09-23 09:02:59,7.19068,8192,8192,5000,-0.745144,-0.742144,0.130326,0.133326,deCasa,paralelo_collapse,dynamic,1,4,Zoom (Seahorse),23.073800000000002,3.2088481200665306,0.8022120300166327
2026-09-23 09:03:39,7.24919,8192,8192,5000,-0.745144,-0.742144,0.130326,0.133326,deCasa,paralelo_collapse,dynamic,1,4,Zoom (Seahorse),23.073800000000002,3.182948715649611,0.7957371789124027
2026-09-23 09:04:19,7.41975,8192,8192,5000,-0.745144,-0.742144,0.130326,0.133326,deCasa,paralelo_collapse,dynamic,1,4,Zoom (Seahorse),23.073800000000002,3.109781326864113,0.7774453317160283
2026-09-23 09:04:56,5.90016,8192,8192,5000,-0.745144,-0.742144,0.130326,0.133326,deCasa,paralelo_collapse,dynamic,64,4,Zoom (Seahorse),23.073800000000002,3.9107075062371197,0.9776768765592799
2026-09-23 09:05:35,6.10317,8192,8192,5000,-0.745144,-0.742144,0.130326,0.133326,deCasa,paralelo_collapse,dynamic,64,4,Zoom (Seahorse),23.073800000000002,3.780625478235081,0.9451563695587702
2026-09-23 09:06:12,5.88391,8192,8192,5000,-0.745144,-0.742144,0.130326,0.133326,deCasa,paralelo_collapse,dynamic,64,4,Zoom (Seahorse),23.073800000000002,3.921507976838531,0.9803769942096328
2026-09-23 09:06:50,5.91684,8192,8192,5000,-0.745144,-0.742144,0.130326,0.133326,deCasa,paralelo_collapse,guided,64,4,Zoom (Seahorse),23.073800000000002,3.899682938866017,0.9749207347165042
2026-09-23 09:07:28,6.18717,8192,8192,5000,-0.745144,-0.742144,0.130326,0.133326,deCasa,paralelo_collapse,guided,64,4,Zoom (Seahorse),23.073800000000002,3.7292978857862322,0.9323244714465581
2026-09-23 09:08:05,6.2285,8192,8192,5000,-0.745144,-0.742144,0.130326,0.133326,deCasa,paralelo_collapse,guided,64,4,Zoom (Seahorse),23.073800000000002,3.704551657702497,0.9261379144256242
2026-09-23 09:08:44,6.75191,8192,8192,5000,-0.745144,-0.742144,0.130326,0.133326,deCasa,paralelo_collapse,auto,0,4,Zoom (Seahorse),23.073800000000002,3.417373750538737,0.8543434376346842
2026-09-23 09:09:23,6.83123,8192,8192,5000,-0.745144,-0.742144,0.130326,0.133326,deCasa,paralelo_collapse,auto,0,4,Zoom (Seahorse),23.073800000000002,3.377693329019811,0.8444233322549527
2026-09-23 09:10:00,7.03613,8192,8192,5000,-0.745144,-0.742144,0.130326,0.133326,deCasa,paralelo_collapse,auto,0,4,Zoom (Seahorse),23.073800000000002,3.279331109573018,0.8198327773932546
2026-09-23 09:12:32,24.1975,16384,16384,5000,-0.745144,-0.742144,0.130326,0.133326,deCasa,paralelo_collapse,static,64,4,Zoom (Seahorse),92.19995,3.810308916210352,0.952577229052588
2026-09-23 09:15:04,25.614,16384,16384,5000,-0.745144,-0.742144,0.130326,0.133326,deCasa,paralelo_collapse,static,64,4,Zoom (Seahorse),92.19995,3.5995920199890685,0.8998980049972671
2026-09-23 09:17:36,25.0903,16384,16384,5000,-0.745144,-0.742144,0.130326,0.133326,deCasa,paralelo_collapse,static,64,4,Zoom (Seahorse),92.19995,3.6747248936840133,0.9186812234210033
2026-09-23 09:20:14,29.3089,16384,16384,5000,-0.745144,-0.742144,0.130326,0.133326,deCasa,paralelo_collapse,dynamic,1,4,Zoom (Seahorse),92.19995,3.145800422397292,0.786450105599323
2026-09-23 09:22:51,28.6786,16384,16384,5000,-0.745144,-0.742144,0.130326,0.133326,deCasa,paralelo_collapse,dynamic,1,4,Zoom (Seahorse),92.19995,3.2149390137593885,0.8037347534398471
2026-09-23 09:25:26,28.5897,16384,16384,5000,-0.745144,-0.742144,0.130326,0.133326,deCasa,paralelo_collapse,dynamic,1,4,Zoom (Seahorse),92.19995,3.2249359034897185,0.8062339758724296
2026-09-23 09:27:56,23.492,16384,16384,5000,-0.745144,-0.742144,0.130326,0.133326,deCasa,paralelo_collapse,dynamic,64,4,Zoom (Seahorse),92.19995,3.9247382087519154,0.9811845521879788
2026-09-23 09:30:27,23.5086,16384,16384,5000,-0.745144,-0.742144,0.130326,0.133326,deCasa,paralelo_collapse,dynamic,64,4,Zoom (Seahorse),92.19995,3.921966854682967,0.9804917136707417
2026-09-23 09:32:58,23.4869,16384,16384,5000,-0.745144,-0.742144,0.130326,0.133326,deCasa,paralelo_collapse,dynamic,64,4,Zoom (Seahorse),92.19995,3.925590435519375,0.9813976088798437
2026-09-23 09:35:28,23.41,16384,16384,5000,-0.745144,-0.742144,0.130326,0.133326,deCasa,paralelo_collapse,guided,64,4,Zoom (Seahorse),92.19995,3.938485689876121,0.9846214224690303
2026-09-23 09:37:59,23.9916,16384,16384,5000,-0.745144,-0.742144,0.130326,0.133326,deCasa,paralelo_collapse,guided,64,4,Zoom (Seahorse),92.19995,3.843009636706181,0.9607524091765453
2026-09-23 09:40:31,23.8043,16384,16384,5000,-0.745144,-0.742144,0.130326,0.133326,deCasa,paralelo_collapse,guided,64,4,Zoom (Seahorse),92.19995,3.873247690543305,0.9683119226358262
2026-09-23 09:43:04,26.9462,16384,16384,5000,-0.745144,-0.742144,0.130326,0.133326,deCasa,paralelo_collapse,auto,0,4,Zoom (Seahorse),92.19995,3.4216308793076573,0.8554077198269143
2026-09-23 09:45:37,26.1595,16384,16384,5000,-0.745144,-0.742144,0.130326,0.133326,deCasa,paralelo_collapse,auto,0,4,Zoom (Seahorse),92.19995,3.5245302853647815,0.8811325713411954
2026-09-23 09:48:11,27.1718,16384,16384,5000,-0.745144,-0.742144,0.130326,0.133326,deCasa,paralelo_collapse,auto,0,4,Zoom (Seahorse),92.19995,3.3932220169440375,0.8483055042360094
2026-09-23 10:44:05,5.30714,4096,4096,1000,-2.0,1.0,-1.5,1.5,deCasa,paralelo,static,1024,4,Visão Completa,12.35407090909091,2.3278208053849925,0.5819552013462481
2026-09-23 10:44:19,5.31442,4096,4096,1000,-2.0,1.0,-1.5,1.5,deCasa,paralelo,static,1024,4,Visão Completa,12.35407090909091,2.324632021761718,0.5811580054404295
2026-09-23 10:44:31,5.40443,4096,4096,1000,-2.0,1.0,-1.5,1.5,deCasa,paralelo,dynamic,1024,4,Visão Completa,12.35407090909091,2.2859156116539414,0.5714789029134854
2026-09-23 10:44:44,5.41909,4096,4096,1000,-2.0,1.0,-1.5,1.5,deCasa,paralelo,dynamic,1024,4,Visão Completa,12.35407090909091,2.2797316355865855,0.5699329088966464
2026-09-23 10:44:57,5.37008,4096,4096,1000,-2.0,1.0,-1.5,1.5,deCasa,paralelo,guided,1024,4,Visão Completa,12.35407090909091,2.300537591449459,0.5751343978623648
2026-09-23 10:45:10,5.55252,4096,4096,1000,-2.0,1.0,-1.5,1.5,deCasa,paralelo,guided,1024,4,Visão Completa,12.35407090909091,2.2249484754833677,0.5562371188708419
2026-09-23 10:45:55,17.9377,8192,8192,1000,-2.0,1.0,-1.5,1.5,deCasa,paralelo,static,1024,4,Visão Completa,49.89046666666667,2.7813190468491875,0.6953297617122969
2026-09-23 10:46:40,16.857,8192,8192,1000,-2.0,1.0,-1.5,1.5,deCasa,paralelo,static,1024,4,Visão Completa,49.89046666666667,2.9596290364042637,0.7399072591010659
2026-09-23 10:47:23,16.1553,8192,8192,1000,-2.0,1.0,-1.5,1.5,deCasa,paralelo,static,1024,4,Visão Completa,49.89046666666667,3.088179524160286,0.7720448810400715
2026-09-23 10:48:05,17.0462,8192,8192,1000,-2.0,1.0,-1.5,1.5,deCasa,paralelo,dynamic,1024,4,Visão Completa,49.89046666666667,2.9267793799595614,0.7316948449898903
2026-09-23 10:48:47,15.8315,8192,8192,1000,-2.0,1.0,-1.5,1.5,deCasa,paralelo,dynamic,1024,4,Visão Completa,49.89046666666667,3.1513417343060777,0.7878354335765194
2026-09-23 10:49:30,17.7996,8192,8192,1000,-2.0,1.0,-1.5,1.5,deCasa,paralelo,dynamic,1024,4,Visão Completa,49.89046666666667,2.8028981924687444,0.7007245481171861
2026-09-23 10:50:15,19.0436,8192,8192,1000,-2.0,1.0,-1.5,1.5,deCasa,paralelo,guided,1024,4,Visão Completa,49.89046666666667,2.619802278280717,0.6549505695701793
2026-09-23 10:51:02,20.4709,8192,8192,1000,-2.0,1.0,-1.5,1.5,deCasa,paralelo,guided,1024,4,Visão Completa,49.89046666666667,2.4371408519736146,0.6092852129934037
2026-09-23 10:51:48,19.5073,8192,8192,1000,-2.0,1.0,-1.5,1.5,deCasa,paralelo,guided,1024,4,Visão Completa,49.89046666666667,2.557528036512827,0.6393820091282068
2026-09-23 10:54:29,54.5812,16384,16384,1000,-2.0,1.0,-1.5,1.5,deCasa,paralelo,static,1024,4,Visão Completa,197.81283333333332,3.6241935562672367,0.9060483890668092
2026-09-23 10:57:05,52.2296,16384,16384,1000,-2.0,1.0,-1.5,1.5,deCasa,paralelo,static,1024,4,Visão Completa,197.81283333333332,3.787370252372856,0.946842563093214
2026-09-23 10:59:41,53.6211,16384,16384,1000,-2.0,1.0,-1.5,1.5,deCasa,paralelo,static,1024,4,Visão Completa,197.81283333333332,3.6890857019593652,0.9222714254898413
2026-09-23 12:45:07,48.7226,16384,16384,1000,-2.0,1.0,-1.5,1.5,deCasa,paralelo,dynamic,1024,4,Visão Completa,197.81283333333332,4.05998106286063,1.0149952657151575
2026-09-23 12:47:34,50.1154,16384,16384,1000,-2.0,1.0,-1.5,1.5,deCasa,paralelo,dynamic,1024,4,Visão Completa,197.81283333333332,3.9471466521934038,0.9867866630483509
2026-09-23 12:49:59,47.2447,16384,16384,1000,-2.0,1.0,-1.5,1.5,deCasa,paralelo,dynamic,1024,4,Visão Completa,197.81283333333332,4.1869846423690555,1.0467461605922639
2026-09-23 12:52:51,75.5845,16384,16384,1000,-2.0,1.0,-1.5,1.5,deCasa,paralelo,guided,1024,4,Visão Completa,197.81283333333332,2.6171084459556297,0.6542771114889074
2026-09-23 12:55:41,73.8262,16384,16384,1000,-2.0,1.0,-1.5,1.5,deCasa,paralelo,guided,1024,4,Visão Completa,197.81283333333332,2.6794394582591723,0.6698598645647931
2026-09-23 12:58:32,73.9201,16384,16384,1000,-2.0,1.0,-1.5,1.5,deCasa,paralelo,guided,1024,4,Visão Completa,197.81283333333332,2.676035791798622,0.6690089479496555
2026-09-23 12:58:41,1.59329,4096,4096,5000,-0.745144,-0.742144,0.130326,0.133326,deCasa,paralelo,static,1024,4,Zoom (Seahorse),5.979731428571428,3.753071586824387,0.9382678967060968
2026-09-23 12:58:51,1.65967,4096,4096,5000,-0.745144,-0.742144,0.130326,0.133326,deCasa,paralelo,static,1024,4,Zoom (Seahorse),5.979731428571428,3.6029641004364894,0.9007410251091224
2026-09-23 12:59:00,1.59412,4096,4096,5000,-0.745144,-0.742144,0.130326,0.133326,deCasa,paralelo,static,1024,4,Zoom (Seahorse),5.979731428571428,3.7511174996684242,0.9377793749171061
2026-09-23 12:59:09,1.61742,4096,4096,5000,-0.745144,-0.742144,0.130326,0.133326,deCasa,paralelo,dynamic,1024,4,Zoom (Seahorse),5.979731428571428,3.6970801823715718,0.9242700455928929
2026-09-23 12:59:18,1.55081,4096,4096,5000,-0.745144,-0.742144,0.130326,0.133326,deCasa,paralelo,dynamic,1024,4,Zoom (Seahorse),5.979731428571428,3.8558762379475424,0.9639690594868856
2026-09-23 12:59:26,1.56643,4096,4096,5000,-0.745144,-0.742144,0.130326,0.133326,deCasa,paralelo,dynamic,1024,4,Zoom (Seahorse),5.979731428571428,3.817426523094826,0.9543566307737065
2026-09-23 12:59:35,1.61607,4096,4096,5000,-0.745144,-0.742144,0.130326,0.133326,deCasa,paralelo,guided,1024,4,Zoom (Seahorse),5.979731428571428,3.7001685747346515,0.9250421436836629
2026-09-23 12:59:43,1.90409,4096,4096,5000,-0.745144,-0.742144,0.130326,0.133326,deCasa,paralelo,guided,1024,4,Zoom (Seahorse),5.979731428571428,3.140466799663581,0.7851166999158953
2026-09-23 12:59:52,1.94264,4096,4096,5000,-0.745144,-0.742144,0.130326,0.133326,deCasa,paralelo,guided,1024,4,Zoom (Seahorse),5.979731428571428,3.0781469693671646,0.7695367423417911
2026-09-23 13:00:29,6.38761,8192,8192,5000,-0.745144,-0.742144,0.130326,0.133326,deCasa,paralelo,static,1024,4,Zoom (Seahorse),23.073800000000002,3.6122743874469485,0.9030685968617371
2026-09-23 13:01:02,6.42276,8192,8192,5000,-0.745144,-0.742144,0.130326,0.133326,deCasa,paralelo,static,1024,4,Zoom (Seahorse),23.073800000000002,3.5925054026617844,0.8981263506654461
2026-09-23 13:01:36,6.33455,8192,8192,5000,-0.745144,-0.742144,0.130326,0.133326,deCasa,paralelo,static,1024,4,Zoom (Seahorse),23.073800000000002,3.6425318294117184,0.9106329573529296
2026-09-23 13:02:11,5.84421,8192,8192,5000,-0.745144,-0.742144,0.130326,0.133326,deCasa,paralelo,dynamic,1024,4,Zoom (Seahorse),23.073800000000002,3.9481469693936395,0.9870367423484099
2026-09-23 13:02:45,5.88327,8192,8192,5000,-0.745144,-0.742144,0.130326,0.133326,deCasa,paralelo,dynamic,1024,4,Zoom (Seahorse),23.073800000000002,3.9219345704004747,0.9804836426001187
2026-09-23 13:03:18,5.88104,8192,8192,5000,-0.745144,-0.742144,0.130326,0.133326,deCasa,paralelo,dynamic,1024,4,Zoom (Seahorse),23.073800000000002,3.923421707725165,0.9808554269312912
2026-09-23 13:03:53,5.72418,8192,8192,5000,-0.745144,-0.742144,0.130326,0.133326,deCasa,paralelo,guided,1024,4,Zoom (Seahorse),23.073800000000002,4.03093543529379,1.0077338588234475
2026-09-23 13:04:28,5.78357,8192,8192,5000,-0.745144,-0.742144,0.130326,0.133326,deCasa,paralelo,guided,1024,4,Zoom (Seahorse),23.073800000000002,3.989542791044286,0.9973856977610716
2026-09-23 13:05:01,5.69964,8192,8192,5000,-0.745144,-0.742144,0.130326,0.133326,deCasa,paralelo,guided,1024,4,Zoom (Seahorse),23.073800000000002,4.048290769241567,1.0120726923103918
2026-09-23 13:07:24,24.3055,16384,16384,5000,-0.745144,-0.742144,0.130326,0.133326,deCasa,paralelo,static,1024,4,Zoom (Seahorse),92.19995,3.7933780420069536,0.9483445105017384
2026-09-23 13:09:45,24.3247,16384,16384,5000,-0.745144,-0.742144,0.130326,0.133326,deCasa,paralelo,static,1024,4,Zoom (Seahorse),92.19995,3.790383848516117,0.9475959621290293
2026-09-23 13:12:05,24.3367,16384,16384,5000,-0.745144,-0.742144,0.130326,0.133326,deCasa,paralelo,static,1024,4,Zoom (Seahorse),92.19995,3.788514876708839,0.9471287191772098
2026-09-23 13:14:21,23.1509,16384,16384,5000,-0.745144,-0.742144,0.130326,0.133326,deCasa,paralelo,dynamic,1024,4,Zoom (Seahorse),92.19995,3.9825643927449903,0.9956410981862476
2026-09-23 13:50:01,24.4913,16384,16384,5000,-0.745144,-0.742144,0.130326,0.133326,deCasa,paralelo,dynamic,1024,4,Zoom (Seahorse),92.19995,3.764600082478268,0.941150020619567
2026-09-23 13:52:16,22.7019,16384,16384,5000,-0.745144,-0.742144,0.130326,0.133326,deCasa,paralelo,dynamic,1024,4,Zoom (Seahorse),92.19995,4.061331870900674,1.0153329677251686
2026-09-23 13:54:34,22.136,16384,16384,5000,-0.745144,-0.742144,0.130326,0.133326,deCasa,paralelo,guided,1024,4,Zoom (Seahorse),92.19995,4.165158565233105,1.0412896413082762
2026-09-23 13:56:51,22.404,16384,16384,5000,-0.745144,-0.742144,0.130326,0.133326,deCasa,paralelo,guided,1024,4,Zoom (Seahorse),92.19995,4.1153343153008395,1.0288335788252099
2026-09-23 13:59:06,22.4241,16384,16384,5000,-0.745144,-0.742144,0.130326,0.133326,deCasa,paralelo,guided,1024,4,Zoom (Seahorse),92.19995,4.111645506397135,1.0279113765992838
2026-09-23 13:59:21,7.21068,4096,4096,1000,-2.0,1.0,-1.5,1.5,deCasa,paralelo_collapse,static,1024,4,Visão Completa,12.35407090909091,1.7133017841716605,0.4283254460429151
2026-09-23 13:59:34,7.43282,4096,4096,1000,-2.0,1.0,-1.5,1.5,deCasa,paralelo_collapse,static,1024,4,Visão Completa,12.35407090909091,1.6620974151252026,0.41552435378130065
2026-09-23 13:59:47,7.16079,4096,4096,1000,-2.0,1.0,-1.5,1.5,deCasa,paralelo_collapse,static,1024,4,Visão Completa,12.35407090909091,1.7252385433857031,0.4313096358464258
2026-09-23 13:59:56,3.04324,4096,4096,1000,-2.0,1.0,-1.5,1.5,deCasa,paralelo_collapse,dynamic,1024,4,Visão Completa,12.35407090909091,4.05951252911072,1.01487813227768
2026-09-23 14:00:06,3.2565,4096,4096,1000,-2.0,1.0,-1.5,1.5,deCasa,paralelo_collapse,dynamic,1024,4,Visão Completa,12.35407090909091,3.79366525689879,0.9484163142246975
2026-09-23 14:00:15,3.05865,4096,4096,1000,-2.0,1.0,-1.5,1.5,deCasa,paralelo_collapse,dynamic,1024,4,Visão Completa,12.35407090909091,4.039060013107387,1.0097650032768468
2026-09-23 14:00:27,4.8587,4096,4096,1000,-2.0,1.0,-1.5,1.5,deCasa,paralelo_collapse,guided,1024,4,Visão Completa,12.35407090909091,2.5426700370656574,0.6356675092664144
2026-09-23 14:00:38,4.93867,4096,4096,1000,-2.0,1.0,-1.5,1.5,deCasa,paralelo_collapse,guided,1024,4,Visão Completa,12.35407090909091,2.5014975507760004,0.6253743876940001
2026-09-23 14:00:49,5.11895,4096,4096,1000,-2.0,1.0,-1.5,1.5,deCasa,paralelo_collapse,guided,1024,4,Visão Completa,12.35407090909091,2.413399409857668,0.603349852464417
2026-09-23 14:01:28,15.151,8192,8192,1000,-2.0,1.0,-1.5,1.5,deCasa,paralelo_collapse,static,1024,4,Visão Completa,49.89046666666667,3.2928827580137727,0.8232206895034432
2026-09-23 14:02:07,15.1814,8192,8192,1000,-2.0,1.0,-1.5,1.5,deCasa,paralelo_collapse,static,1024,4,Visão Completa,49.89046666666667,3.286288923726841,0.8215722309317103
2026-09-23 14:02:46,15.2831,8192,8192,1000,-2.0,1.0,-1.5,1.5,deCasa,paralelo_collapse,static,1024,4,Visão Completa,49.89046666666667,3.264420612746542,0.8161051531866355
2026-09-23 14:03:22,12.0289,8192,8192,1000,-2.0,1.0,-1.5,1.5,deCasa,paralelo_collapse,dynamic,1024,4,Visão Completa,49.89046666666667,4.147550205477365,1.0368875513693412
2026-09-23 14:03:58,11.8949,8192,8192,1000,-2.0,1.0,-1.5,1.5,deCasa,paralelo_collapse,dynamic,1024,4,Visão Completa,49.89046666666667,4.194273736363203,1.0485684340908008
2026-09-23 14:04:36,12.0902,8192,8192,1000,-2.0,1.0,-1.5,1.5,deCasa,paralelo_collapse,dynamic,1024,4,Visão Completa,49.89046666666667,4.126521204501718,1.0316303011254295
2026-09-23 14:05:23,22.6203,8192,8192,1000,-2.0,1.0,-1.5,1.5,deCasa,paralelo_collapse,guided,1024,4,Visão Completa,49.89046666666667,2.2055616710064263,0.5513904177516066
2026-09-23 14:06:06,19.5279,8192,8192,1000,-2.0,1.0,-1.5,1.5,deCasa,paralelo_collapse,guided,1024,4,Visão Completa,49.89046666666667,2.5548300977917067,0.6387075244479267
2026-09-23 14:06:50,19.4151,8192,8192,1000,-2.0,1.0,-1.5,1.5,deCasa,paralelo_collapse,guided,1024,4,Visão Completa,49.89046666666667,2.5696734328778463,0.6424183582194616
2026-09-23 14:09:17,50.0201,16384,16384,1000,-2.0,1.0,-1.5,1.5,deCasa,paralelo_collapse,static,1024,4,Visão Completa,197.81283333333332,3.9546668905766547,0.9886667226441637
2026-09-23 14:11:43,50.5375,16384,16384,1000,-2.0,1.0,-1.5,1.5,deCasa,paralelo_collapse,static,1024,4,Visão Completa,197.81283333333332,3.914179239838403,0.9785448099596008
2026-09-23 14:14:10,50.3028,16384,16384,1000,-2.0,1.0,-1.5,1.5,deCasa,paralelo_collapse,static,1024,4,Visão Completa,197.81283333333332,3.9324417991311282,0.9831104497827821
2026-09-23 14:16:31,47.2117,16384,16384,1000,-2.0,1.0,-1.5,1.5,deCasa,paralelo_collapse,dynamic,1024,4,Visão Completa,197.81283333333332,4.1899112578732245,1.0474778144683061
2026-09-23 14:18:55,47.2187,16384,16384,1000,-2.0,1.0,-1.5,1.5,deCasa,paralelo_collapse,dynamic,1024,4,Visão Completa,197.81283333333332,4.189290118815921,1.0473225297039803
2026-09-23 14:21:32,47.2512,16384,16384,1000,-2.0,1.0,-1.5,1.5,deCasa,paralelo_collapse,dynamic,1024,4,Visão Completa,197.81283333333332,4.186408669691634,1.0466021674229085
2026-09-23 14:24:33,81.4156,16384,16384,1000,-2.0,1.0,-1.5,1.5,deCasa,paralelo_collapse,guided,1024,4,Visão Completa,197.81283333333332,2.429667451119114,0.6074168627797785
2026-09-23 14:25:02,20.3155,4096,4096,1000,-2.0,1.0,-1.5,1.5,deCasa,ponto_a_ponto,n/a,0,1,Visão Completa,12.35407090909091,0.6081106007280603,0.6081106007280603
2026-09-23 14:25:18,7.75662,4096,4096,1000,-2.0,1.0,-1.5,1.5,deCasa,paralelo,static,64,2,Visão Completa,12.35407090909091,1.59271318036605,0.796356590183025
2026-09-23 14:25:32,5.93112,4096,4096,1000,-2.0,1.0,-1.5,1.5,deCasa,paralelo_collapse,static,64,2,Visão Completa,12.35407090909091,2.0829237832131047,1.0414618916065523
2026-09-23 14:25:48,4.16999,4096,4096,1000,-2.0,1.0,-1.5,1.5,deCasa,paralelo,static,64,4,Visão Completa,12.35407090909091,2.962614037225727,0.7406535093064317
2026-09-23 14:26:00,3.94704,4096,4096,1000,-2.0,1.0,-1.5,1.5,deCasa,paralelo_collapse,static,64,4,Visão Completa,12.35407090909091,3.1299583761732612,0.7824895940433153
2026-09-23 14:26:44,5.55269,4096,4096,1000,-2.0,1.0,-1.5,1.5,deCasa,paralelo,static,1024,2,Visão Completa,12.35407090909091,2.2248803569244653,1.1124401784622326
2026-09-23 14:26:58,7.30398,4096,4096,1000,-2.0,1.0,-1.5,1.5,deCasa,paralelo_collapse,static,1024,2,Visão Completa,12.35407090909091,1.6914163112564533,0.8457081556282267
2026-09-23 14:27:14,5.16568,4096,4096,1000,-2.0,1.0,-1.5,1.5,deCasa,paralelo,static,1024,4,Visão Completa,12.35407090909091,2.391567210723643,0.5978918026809108
2026-09-23 14:27:27,7.12612,4096,4096,1000,-2.0,1.0,-1.5,1.5,deCasa,paralelo_collapse,static,1024,4,Visão Completa,12.35407090909091,1.7336321741832734,0.43340804354581836
2026-09-23 14:28:10,5.30028,4096,4096,1000,-2.0,1.0,-1.5,1.5,deCasa,paralelo,dynamic,1,2,Visão Completa,12.35407090909091,2.3308336369193534,1.1654168184596767
2026-09-23 14:28:23,6.19357,4096,4096,1000,-2.0,1.0,-1.5,1.5,deCasa,paralelo_collapse,dynamic,1,2,Visão Completa,12.35407090909091,1.9946607383287682,0.9973303691643841
2026-09-23 14:28:38,3.01528,4096,4096,1000,-2.0,1.0,-1.5,1.5,deCasa,paralelo,dynamic,1,4,Visão Completa,12.35407090909091,4.097155457898075,1.0242888644745187
2026-09-23 14:28:48,3.50796,4096,4096,1000,-2.0,1.0,-1.5,1.5,deCasa,paralelo_collapse,dynamic,1,4,Visão Completa,12.35407090909091,3.5217251362874458,0.8804312840718614
2026-09-23 14:29:30,5.31113,4096,4096,1000,-2.0,1.0,-1.5,1.5,deCasa,paralelo,dynamic,1024,2,Visão Completa,12.35407090909091,2.326072024049667,1.1630360120248335
2026-09-23 14:29:42,5.57662,4096,4096,1000,-2.0,1.0,-1.5,1.5,deCasa,paralelo_collapse,dynamic,1024,2,Visão Completa,12.35407090909091,2.2153331066292683,1.1076665533146342
2026-09-23 14:31:19,11.1814,4096,4096,1000,-2.0,1.0,-1.5,1.5,deCasa,ponto_a_ponto,n/a,0,1,Visão Completa,12.35407090909091,1.1048769303567452,1.1048769303567452
2026-09-23 14:31:28,3.05594,4096,4096,1000,-2.0,1.0,-1.5,1.5,deCasa,paralelo,static,64,4,Visão Completa,12.35407090909091,4.042641841492604,1.010660460373151
2026-09-23 14:31:38,3.14903,4096,4096,1000,-2.0,1.0,-1.5,1.5,deCasa,paralelo_collapse,static,64,4,Visão Completa,12.35407090909091,3.9231353493269063,0.9807838373317266
2026-09-23 14:31:52,3.38565,4096,4096,1000,-2.0,1.0,-1.5,1.5,deCasa,paralelo,dynamic,64,4,Visão Completa,12.35407090909091,3.6489509869865193,0.9122377467466298
2026-09-23 14:32:01,2.98303,4096,4096,1000,-2.0,1.0,-1.5,1.5,deCasa,paralelo_collapse,dynamic,64,4,Visão Completa,12.35407090909091,4.141450441025035,1.0353626102562588
2026-09-23 14:32:18,4.87576,4096,4096,1000,-2.0,1.0,-1.5,1.5,deCasa,paralelo,guided,64,4,Visão Completa,12.35407090909091,2.5337733828348625,0.6334433457087156
2026-09-23 14:32:29,4.84367,4096,4096,1000,-2.0,1.0,-1.5,1.5,deCasa,paralelo_collapse,guided,64,4,Visão Completa,12.35407090909091,2.5505599904805463,0.6376399976201366
2026-09-23 14:38:13,77.2023,16384,16384,1000,-2.0,1.0,-1.5,1.5,deCasa,paralelo_collapse,guided,1024,4,Visão Completa,197.81283333333332,2.5622660637485324,0.6405665159371331
2026-09-23 14:41:02,76.8418,16384,16384,1000,-2.0,1.0,-1.5,1.5,deCasa,paralelo_collapse,guided,1024,4,Visão Completa,197.81283333333332,2.5742868247924084,0.6435717061981021
2026-09-23 14:41:11,1.65798,4096,4096,5000,-0.745144,-0.742144,0.130326,0.133326,deCasa,paralelo_collapse,static,1024,4,Zoom (Seahorse),5.979731428571428,3.606636647348839,0.9016591618372097
2026-09-23 14:41:20,1.52835,4096,4096,5000,-0.745144,-0.742144,0.130326,0.133326,deCasa,paralelo_collapse,static,1024,4,Zoom (Seahorse),5.979731428571428,3.912540601675943,0.9781351504189858
2026-09-23 14:41:28,1.46444,4096,4096,5000,-0.745144,-0.742144,0.130326,0.133326,deCasa,paralelo_collapse,static,1024,4,Zoom (Seahorse),5.979731428571428,4.083288785181659,1.0208221962954147
2026-09-23 14:41:37,1.46353,4096,4096,5000,-0.745144,-0.742144,0.130326,0.133326,deCasa,paralelo_collapse,dynamic,1024,4,Zoom (Seahorse),5.979731428571428,4.085827710105996,1.021456927526499
2026-09-23 14:41:47,1.3499,4096,4096,5000,-0.745144,-0.742144,0.130326,0.133326,deCasa,paralelo_collapse,dynamic,1024,4,Zoom (Seahorse),5.979731428571428,4.429758818113511,1.1074397045283777
2026-09-23 14:41:55,1.33033,4096,4096,5000,-0.745144,-0.742144,0.130326,0.133326,deCasa,paralelo_collapse,dynamic,1024,4,Zoom (Seahorse),5.979731428571428,4.494923386356339,1.1237308465890847
2026-09-23 14:42:04,1.48823,4096,4096,5000,-0.745144,-0.742144,0.130326,0.133326,deCasa,paralelo_collapse,guided,1024,4,Zoom (Seahorse),5.979731428571428,4.018015648502872,1.004503912125718
2026-09-23 14:42:13,1.35792,4096,4096,5000,-0.745144,-0.742144,0.130326,0.133326,deCasa,paralelo_collapse,guided,1024,4,Zoom (Seahorse),5.979731428571428,4.403596256459458,1.1008990641148646
2026-09-23 14:42:21,1.34088,4096,4096,5000,-0.745144,-0.742144,0.130326,0.133326,deCasa,paralelo_collapse,guided,1024,4,Zoom (Seahorse),5.979731428571428,4.459557476113767,1.1148893690284418
2026-09-23 14:42:56,6.37013,8192,8192,5000,-0.745144,-0.742144,0.130326,0.133326,deCasa,paralelo_collapse,static,1024,4,Zoom (Seahorse),23.073800000000002,3.622186674369283,0.9055466685923208
2026-09-23 14:43:30,6.28873,8192,8192,5000,-0.745144,-0.742144,0.130326,0.133326,deCasa,paralelo_collapse,static,1024,4,Zoom (Seahorse),23.073800000000002,3.6690714977427876,0.9172678744356969
2026-09-23 14:44:03,6.19004,8192,8192,5000,-0.745144,-0.742144,0.130326,0.133326,deCasa,paralelo_collapse,static,1024,4,Zoom (Seahorse),23.073800000000002,3.727568804078811,0.9318922010197027
2026-09-23 14:44:36,5.50648,8192,8192,5000,-0.745144,-0.742144,0.130326,0.133326,deCasa,paralelo_collapse,dynamic,1024,4,Zoom (Seahorse),23.073800000000002,4.190299429036336,1.047574857259084
2026-09-23 14:45:09,5.293,8192,8192,5000,-0.745144,-0.742144,0.130326,0.133326,deCasa,paralelo_collapse,dynamic,1024,4,Zoom (Seahorse),23.073800000000002,4.359304742112224,1.089826185528056
2026-09-23 14:45:42,5.33284,8192,8192,5000,-0.745144,-0.742144,0.130326,0.133326,deCasa,paralelo_collapse,dynamic,1024,4,Zoom (Seahorse),23.073800000000002,4.3267377232394,1.08168443080985
2026-09-23 14:46:17,5.64391,8192,8192,5000,-0.745144,-0.742144,0.130326,0.133326,deCasa,paralelo_collapse,guided,1024,4,Zoom (Seahorse),23.073800000000002,4.088265050293148,1.022066262573287
2026-09-23 14:46:50,5.32524,8192,8192,5000,-0.745144,-0.742144,0.130326,0.133326,deCasa,paralelo_collapse,guided,1024,4,Zoom (Seahorse),23.073800000000002,4.332912695014685,1.0832281737536713
2026-09-23 14:47:23,5.29682,8192,8192,5000,-0.745144,-0.742144,0.130326,0.133326,deCasa,paralelo_collapse,guided,1024,4,Zoom (Seahorse),23.073800000000002,4.35616086633112,1.08904021658278
2026-09-23 14:49:40,22.1213,16384,16384,5000,-0.745144,-0.742144,0.130326,0.133326,deCasa,paralelo_collapse,static,1024,4,Zoom (Seahorse),92.19995,4.167926387689692,1.041981596922423
2026-09-23 14:51:55,22.2481,16384,16384,5000,-0.745144,-0.742144,0.130326,0.133326,deCasa,paralelo_collapse,static,1024,4,Zoom (Seahorse),92.19995,4.144171861866856,1.036042965466714
2026-09-23 14:54:20,22.0758,16384,16384,5000,-0.745144,-0.742144,0.130326,0.133326,deCasa,paralelo_collapse,static,1024,4,Zoom (Seahorse),92.19995,4.176516819322516,1.044129204830629
2026-09-23 14:56:44,26.7496,16384,16384,5000,-0.745144,-0.742144,0.130326,0.133326,deCasa,paralelo_collapse,dynamic,1024,4,Zoom (Seahorse),92.19995,3.446778643418967,0.8616946608547418
2026-09-23 14:59:00,21.3501,16384,16384,5000,-0.745144,-0.742144,0.130326,0.133326,deCasa,paralelo_collapse,dynamic,1024,4,Zoom (Seahorse),92.19995,4.318478601973761,1.0796196504934403
2026-09-23 15:01:18,21.2348,16384,16384,5000,-0.745144,-0.742144,0.130326,0.133326,deCasa,paralelo_collapse,dynamic,1024,4,Zoom (Seahorse),92.19995,4.3419269312637745,1.0854817328159436
2026-09-23 15:03:34,21.1775,16384,16384,5000,-0.745144,-0.742144,0.130326,0.133326,deCasa,paralelo_collapse,guided,1024,4,Zoom (Seahorse),92.19995,4.353674890803919,1.0884187227009798
2026-09-23 15:05:50,21.2662,16384,16384,5000,-0.745144,-0.742144,0.130326,0.133326,deCasa,paralelo_collapse,guided,1024,4,Zoom (Seahorse),92.19995,4.335515983109347,1.0838789957773367
2026-09-23 15:08:05,21.2361,16384,16384,5000,-0.745144,-0.742144,0.130326,0.133326,deCasa,paralelo_collapse,guided,1024,4,Zoom (Seahorse),92.19995,4.3416611336356485,1.0854152834089121
2026-09-23 15:36:23,11.0401,4096,4096,1000,-2.0,1.0,-1.5,1.5,deCasa,ponto_a_ponto,n/a,0,1,Visão Completa,12.35407090909091,1.1190180260224916,1.1190180260224916
2026-09-23 15:36:41,11.0937,4096,4096,1000,-2.0,1.0,-1.5,1.5,deCasa,ponto_a_ponto,n/a,0,1,Visão Completa,12.35407090909091,1.1136114108990607,1.1136114108990607
2026-09-23 15:36:58,11.094,4096,4096,1000,-2.0,1.0,-1.5,1.5,deCasa,ponto_a_ponto,n/a,0,1,Visão Completa,12.35407090909091,1.1135812970155858,1.1135812970155858
2026-09-23 15:38:05,43.6069,8192,8192,1000,-2.0,1.0,-1.5,1.5,deCasa,ponto_a_ponto,n/a,0,1,Visão Completa,49.89046666666667,1.1440956973934553,1.1440956973934553
2026-09-23 15:39:13,43.6481,8192,8192,1000,-2.0,1.0,-1.5,1.5,deCasa,ponto_a_ponto,n/a,0,1,Visão Completa,49.89046666666667,1.1430157708277489,1.1430157708277489
2026-09-23 15:40:21,43.9003,8192,8192,1000,-2.0,1.0,-1.5,1.5,deCasa,ponto_a_ponto,n/a,0,1,Visão Completa,49.89046666666667,1.1364493332999244,1.1364493332999244
2026-09-23 15:44:48,174.179,16384,16384,1000,-2.0,1.0,-1.5,1.5,deCasa,ponto_a_ponto,n/a,0,1,Visão Completa,197.81283333333332,1.1356870422572947,1.1356870422572947
2026-09-23 15:49:19,174.913,16384,16384,1000,-2.0,1.0,-1.5,1.5,deCasa,ponto_a_ponto,n/a,0,1,Visão Completa,197.81283333333332,1.1309212770539256,1.1309212770539256
2026-09-23 15:53:52,175.435,16384,16384,1000,-2.0,1.0,-1.5,1.5,deCasa,ponto_a_ponto,n/a,0,1,Visão Completa,197.81283333333332,1.1275562649034303,1.1275562649034303
2026-09-23 15:54:05,5.1331,4096,4096,5000,-0.745144,-0.742144,0.130326,0.133326,deCasa,ponto_a_ponto,n/a,0,1,Zoom (Seahorse),5.979731428571428,1.1649356974482143,1.1649356974482143
2026-09-23 15:54:24,4.99996,4096,4096,5000,-0.745144,-0.742144,0.130326,0.133326,deCasa,ponto_a_ponto,n/a,0,1,Zoom (Seahorse),5.979731428571428,1.1959558533611125,1.1959558533611125
2026-09-23 15:54:36,5.07985,4096,4096,5000,-0.745144,-0.742144,0.130326,0.133326,deCasa,ponto_a_ponto,n/a,0,1,Zoom (Seahorse),5.979731428571428,1.1771472442240278,1.1771472442240278
2026-09-23 15:55:24,20.1499,8192,8192,5000,-0.745144,-0.742144,0.130326,0.133326,deCasa,ponto_a_ponto,n/a,0,1,Zoom (Seahorse),23.073800000000002,1.14510741988794,1.14510741988794
2026-09-23 15:56:14,20.2246,8192,8192,5000,-0.745144,-0.742144,0.130326,0.133326,deCasa,ponto_a_ponto,n/a,0,1,Zoom (Seahorse),23.073800000000002,1.140877940725651,1.140877940725651
2026-09-23 15:57:03,20.0335,8192,8192,5000,-0.745144,-0.742144,0.130326,0.133326,deCasa,ponto_a_ponto,n/a,0,1,Zoom (Seahorse),23.073800000000002,1.1517608006588964,1.1517608006588964
2026-09-23 16:00:20,79.7841,16384,16384,5000,-0.745144,-0.742144,0.130326,0.133326,deCasa,ponto_a_ponto,n/a,0,1,Zoom (Seahorse),92.19995,1.155618099345609,1.155618099345609
2026-09-23 16:03:32,79.8643,16384,16384,5000,-0.745144,-0.742144,0.130326,0.133326,deCasa,ponto_a_ponto,n/a,0,1,Zoom (Seahorse),92.19995,1.1544576237442763,1.1544576237442763
2026-09-23 16:06:49,79.7783,16384,16384,5000,-0.745144,-0.742144,0.130326,0.133326,deCasa,ponto_a_ponto,n/a,0,1,Zoom (Seahorse),92.19995,1.155702114484766,1.155702114484766
2026-09-23 16:22:17,22.8772,8192,8192,1000,-2.0,1.0,-1.5,1.5,deCasa,sequencial,n/a,0,1,Visão Completa,49.89046666666667,2.1807942696950096,2.1807942696950096
2026-09-23 16:23:06,23.0768,8192,8192,1000,-2.0,1.0,-1.5,1.5,deCasa,sequencial,n/a,0,1,Visão Completa,49.89046666666667,2.1619317525249024,2.1619317525249024
2026-09-23 16:26:20,92.3638,16384,16384,1000,-2.0,1.0,-1.5,1.5,deCasa,sequencial,n/a,0,1,Visão Completa,197.81283333333332,2.141670582342144,2.141670582342144
2026-09-23 16:29:34,92.1316,16384,16384,1000,-2.0,1.0,-1.5,1.5,deCasa,sequencial,n/a,0,1,Visão Completa,197.81283333333332,2.147068251645834,2.147068251645834
2026-09-23 16:32:48,92.3074,16384,16384,1000,-2.0,1.0,-1.5,1.5,deCasa,sequencial,n/a,0,1,Visão Completa,197.81283333333332,2.1429791472117437,2.1429791472117437
2026-09-23 16:32:59,3.14097,4096,4096,5000,-0.745144,-0.742144,0.130326,0.133326,deCasa,sequencial,n/a,0,1,Zoom (Seahorse),5.979731428571428,1.9037849545113226,1.9037849545113226
2026-09-23 16:33:10,3.08396,4096,4096,5000,-0.745144,-0.742144,0.130326,0.133326,deCasa,sequencial,n/a,0,1,Zoom (Seahorse),5.979731428571428,1.938978270979983,1.938978270979983
2026-09-23 16:33:22,3.12495,4096,4096,5000,-0.745144,-0.742144,0.130326,0.133326,deCasa,sequencial,n/a,0,1,Zoom (Seahorse),5.979731428571428,1.9135446738576387,1.9135446738576387
2026-09-23 16:34:04,11.804,8192,8192,5000,-0.745144,-0.742144,0.130326,0.133326,deCasa,sequencial,n/a,0,1,Zoom (Seahorse),23.073800000000002,1.9547441545238904,1.9547441545238904
2026-09-23 16:34:45,11.8104,8192,8192,5000,-0.745144,-0.742144,0.130326,0.133326,deCasa,sequencial,n/a,0,1,Zoom (Seahorse),23.073800000000002,1.9536848878954145,1.9536848878954145
2026-09-23 16:35:28,11.7678,8192,8192,5000,-0.745144,-0.742144,0.130326,0.133326,deCasa,sequencial,n/a,0,1,Zoom (Seahorse),23.073800000000002,1.9607573208246234,1.9607573208246234
2026-09-23 16:38:16,47.505,16384,16384,5000,-0.745144,-0.742144,0.130326,0.133326,deCasa,sequencial,n/a,0,1,Zoom (Seahorse),92.19995,1.9408472792337648,1.9408472792337648
2026-09-23 16:41:06,47.3438,16384,16384,5000,-0.745144,-0.742144,0.130326,0.133326,deCasa,sequencial,n/a,0,1,Zoom (Seahorse),92.19995,1.9474556330501565,1.9474556330501565
2026-09-23 16:43:52,47.4903,16384,16384,5000,-0.745144,-0.742144,0.130326,0.133326,deCasa,sequencial,n/a,0,1,Zoom (Seahorse),92.19995,1.9414480430740595,1.9414480430740595
2026-09-23 16:44:04,5.78087,4096,4096,1000,-2.0,1.0,-1.5,1.5,deCasa,paralelo,static,64,2,Visão Completa,12.35407090909091,2.137060841895927,1.0685304209479636
2026-09-23 16:44:17,5.66023,4096,4096,1000,-2.0,1.0,-1.5,1.5,deCasa,paralelo,static,64,2,Visão Completa,12.35407090909091,2.1826093478694166,1.0913046739347083
2026-09-23 16:44:30,5.61021,4096,4096,1000,-2.0,1.0,-1.5,1.5,deCasa,paralelo,static,1024,2,Visão Completa,12.35407090909091,2.2020692468001926,1.1010346234000963
2026-09-23 16:44:41,5.6608,4096,4096,1000,-2.0,1.0,-1.5,1.5,deCasa,paralelo,static,1024,2,Visão Completa,12.35407090909091,2.1823895755177554,1.0911947877588777
2026-09-23 16:44:53,5.57605,4096,4096,1000,-2.0,1.0,-1.5,1.5,deCasa,paralelo,dynamic,1,2,Visão Completa,12.35407090909091,2.21555956440328,1.10777978220164
2026-09-23 16:45:06,5.58126,4096,4096,1000,-2.0,1.0,-1.5,1.5,deCasa,paralelo,dynamic,1,2,Visão Completa,12.35407090909091,2.213491381711461,1.1067456908557305
2026-09-23 16:45:18,6.12173,4096,4096,1000,-2.0,1.0,-1.5,1.5,deCasa,paralelo,dynamic,1024,2,Visão Completa,12.35407090909091,2.0180685703372916,1.0090342851686458
2026-09-23 16:45:30,5.48269,4096,4096,1000,-2.0,1.0,-1.5,1.5,deCasa,paralelo,dynamic,1024,2,Visão Completa,12.35407090909091,2.253286417632751,1.1266432088163756
2026-09-23 16:45:43,5.70685,4096,4096,1000,-2.0,1.0,-1.5,1.5,deCasa,paralelo,guided,64,2,Visão Completa,12.35407090909091,2.1647793281917185,1.0823896640958592
2026-09-23 16:45:55,5.86757,4096,4096,1000,-2.0,1.0,-1.5,1.5,deCasa,paralelo,guided,64,2,Visão Completa,12.35407090909091,2.1054833447391186,1.0527416723695593
2026-09-23 16:46:07,5.75126,4096,4096,1000,-2.0,1.0,-1.5,1.5,deCasa,paralelo,guided,64,2,Visão Completa,12.35407090909091,2.148063365087113,1.0740316825435565
2026-09-23 16:46:19,5.59071,4096,4096,1000,-2.0,1.0,-1.5,1.5,deCasa,paralelo,guided,1024,2,Visão Completa,12.35407090909091,2.2097499081674616,1.1048749540837308
2026-09-23 16:46:31,5.58641,4096,4096,1000,-2.0,1.0,-1.5,1.5,deCasa,paralelo,guided,1024,2,Visão Completa,12.35407090909091,2.2114508081381263,1.1057254040690632
2026-09-23 16:46:43,5.54348,4096,4096,1000,-2.0,1.0,-1.5,1.5,deCasa,paralelo,guided,1024,2,Visão Completa,12.35407090909091,2.228576798164855,1.1142883990824275
2026-09-23 16:46:55,5.4857,4096,4096,1000,-2.0,1.0,-1.5,1.5,deCasa,paralelo,auto,0,2,Visão Completa,12.35407090909091,2.252050040850012,1.126025020425006
2026-09-23 16:47:08,5.76734,4096,4096,1000,-2.0,1.0,-1.5,1.5,deCasa,paralelo,auto,0,2,Visão Completa,12.35407090909091,2.142074320066254,1.071037160033127
2026-09-23 16:47:20,5.5223,4096,4096,1000,-2.0,1.0,-1.5,1.5,deCasa,paralelo,auto,0,2,Visão Completa,12.35407090909091,2.2371241890319085,1.1185620945159542
2026-09-23 16:48:08,21.7092,8192,8192,1000,-2.0,1.0,-1.5,1.5,deCasa,paralelo,static,64,2,Visão Completa,49.89046666666667,2.2981255258907134,1.1490627629453567
2026-09-23 16:48:54,21.7784,8192,8192,1000,-2.0,1.0,-1.5,1.5,deCasa,paralelo,static,64,2,Visão Completa,49.89046666666667,2.2908233234152493,1.1454116617076247
2026-09-23 16:49:40,21.2847,8192,8192,1000,-2.0,1.0,-1.5,1.5,deCasa,paralelo,static,64,2,Visão Completa,49.89046666666667,2.34395911930479,1.171979559652395
2026-09-23 16:50:25,21.5326,8192,8192,1000,-2.0,1.0,-1.5,1.5,deCasa,paralelo,static,1024,2,Visão Completa,49.89046666666667,2.316973643065244,1.158486821532622
2026-09-23 16:51:10,21.5107,8192,8192,1000,-2.0,1.0,-1.5,1.5,deCasa,paralelo,static,1024,2,Visão Completa,49.89046666666667,2.319332549227439,1.1596662746137194
2026-09-23 16:51:55,21.4207,8192,8192,1000,-2.0,1.0,-1.5,1.5,deCasa,paralelo,static,1024,2,Visão Completa,49.89046666666667,2.3290773255153505,1.1645386627576753
2026-09-23 16:52:40,21.3247,8192,8192,1000,-2.0,1.0,-1.5,1.5,deCasa,paralelo,dynamic,1,2,Visão Completa,49.89046666666667,2.3395624166654945,1.1697812083327472
2026-09-23 16:53:25,21.3787,8192,8192,1000,-2.0,1.0,-1.5,1.5,deCasa,paralelo,dynamic,1,2,Visão Completa,49.89046666666667,2.333652966114248,1.166826483057124
2026-09-23 16:54:11,21.4212,8192,8192,1000,-2.0,1.0,-1.5,1.5,deCasa,paralelo,dynamic,1,2,Visão Completa,49.89046666666667,2.329022961676595,1.1645114808382975
2026-09-23 16:54:56,21.411,8192,8192,1000,-2.0,1.0,-1.5,1.5,deCasa,paralelo,dynamic,1024,2,Visão Completa,49.89046666666667,2.3301324864166393,1.1650662432083196
2026-09-23 16:55:38,21.4011,8192,8192,1000,-2.0,1.0,-1.5,1.5,deCasa,paralelo,dynamic,1024,2,Visão Completa,49.89046666666667,2.3312103894971132,1.1656051947485566
2026-09-23 16:56:24,21.3573,8192,8192,1000,-2.0,1.0,-1.5,1.5,deCasa,paralelo,dynamic,1024,2,Visão Completa,49.89046666666667,2.335991284790993,1.1679956423954965
2026-09-23 16:57:09,21.434,8192,8192,1000,-2.0,1.0,-1.5,1.5,deCasa,paralelo,guided,64,2,Visão Completa,49.89046666666667,2.3276321109763303,1.1638160554881651
2026-09-23 16:57:53,21.4057,8192,8192,1000,-2.0,1.0,-1.5,1.5,deCasa,paralelo,guided,64,2,Visão Completa,49.89046666666667,2.330709421633802,1.165354710816901
2026-09-23 16:58:38,21.4558,8192,8192,1000,-2.0,1.0,-1.5,1.5,deCasa,paralelo,guided,64,2,Visão Completa,49.89046666666667,2.3252671383340013,1.1626335691670007
2026-09-23 16:59:23,21.3954,8192,8192,1000,-2.0,1.0,-1.5,1.5,deCasa,paralelo,guided,1024,2,Visão Completa,49.89046666666667,2.331831452866816,1.165915726433408
2026-09-23 17:00:08,21.3466,8192,8192,1000,-2.0,1.0,-1.5,1.5,deCasa,paralelo,guided,1024,2,Visão Completa,49.89046666666667,2.3371622022554726,1.1685811011277363
2026-09-23 17:00:54,21.3858,8192,8192,1000,-2.0,1.0,-1.5,1.5,deCasa,paralelo,guided,1024,2,Visão Completa,49.89046666666667,2.3328782026703077,1.1664391013351538
2026-09-23 17:01:39,21.3486,8192,8192,1000,-2.0,1.0,-1.5,1.5,deCasa,paralelo,auto,0,2,Visão Completa,49.89046666666667,2.3369432499867284,1.1684716249933642
2026-09-23 17:02:23,21.5015,8192,8192,1000,-2.0,1.0,-1.5,1.5,deCasa,paralelo,auto,0,2,Visão Completa,49.89046666666667,2.3203249385701774,1.1601624692850887
2026-09-23 17:03:08,21.3492,8192,8192,1000,-2.0,1.0,-1.5,1.5,deCasa,paralelo,auto,0,2,Visão Completa,49.89046666666667,2.336877572305598,1.168438786152799
2026-09-23 17:06:08,84.9662,16384,16384,1000,-2.0,1.0,-1.5,1.5,deCasa,paralelo,static,64,2,Visão Completa,197.81283333333332,2.3281355801875723,1.1640677900937861
2026-09-23 17:09:08,84.9393,16384,16384,1000,-2.0,1.0,-1.5,1.5,deCasa,paralelo,static,64,2,Visão Completa,197.81283333333332,2.3288728931523255,1.1644364465761627
2026-09-23 17:12:08,85.172,16384,16384,1000,-2.0,1.0,-1.5,1.5,deCasa,paralelo,static,64,2,Visão Completa,197.81283333333332,2.3225101363515397,1.1612550681757698
2026-09-23 17:15:07,84.7802,16384,16384,1000,-2.0,1.0,-1.5,1.5,deCasa,paralelo,static,1024,2,Visão Completa,197.81283333333332,2.333243296587332,1.166621648293666
2026-09-23 17:18:06,84.8489,16384,16384,1000,-2.0,1.0,-1.5,1.5,deCasa,paralelo,static,1024,2,Visão Completa,197.81283333333332,2.331354128731584,1.165677064365792
2026-09-23 17:21:05,84.8446,16384,16384,1000,-2.0,1.0,-1.5,1.5,deCasa,paralelo,static,1024,2,Visão Completa,197.81283333333332,2.3314722838381385,1.1657361419190693
2026-09-23 17:24:04,84.7,16384,16384,1000,-2.0,1.0,-1.5,1.5,deCasa,paralelo,dynamic,1,2,Visão Completa,197.81283333333332,2.3354525777253046,1.1677262888626523
2026-09-23 17:27:00,84.6467,16384,16384,1000,-2.0,1.0,-1.5,1.5,deCasa,paralelo,dynamic,1,2,Visão Completa,197.81283333333332,2.3369231562876442,1.1684615781438221
