DataHora,TempoGasto,TempoTotal,WIDTH,HEIGHT,MAX_ITER,RE_MIN,RE_MAX,IM_MIN,IM_MAX,Machine,Code,Schedule,ChunkSize,Threads
2026-09-24 11:23:58,4.26673,N/A,4096,4096,5000,-0.745144,-0.742144,0.130326,0.133326,PROEX-177849,sequencial,N/A,N/A,1
2026-10-01 08:14:19,6.30342,13.9228,4096,4096,5000,-0.745144,-0.742144,0.130326,0.133326,PROEX-177849,ponto_a_ponto,N/A,N/A,1
2026-10-01 08:14:39,6.22749,13.3143,4096,4096,5000,-0.745144,-0.742144,0.130326,0.133326,PROEX-177849,ponto_a_ponto,N/A,N/A,1
2026-10-01 08:14:55,6.25481,13.2787,4096,4096,5000,-0.745144,-0.742144,0.130326,0.133326,PROEX-177849,ponto_a_ponto,N/A,N/A,1
2026-10-01 08:15:11,6.27529,13.0853,4096,4096,5000,-0.745144,-0.742144,0.130326,0.133326,PROEX-177849,ponto_a_ponto,N/A,N/A,1
2026-10-01 08:17:19,6.28584,13.3764,4096,4096,5000,-0.745144,-0.742144,0.130326,0.133326,PROEX-177849,ponto_a_ponto,N/A,N/A,1
2026-10-01 08:17:45,6.2675,12.735,4096,4096,5000,-0.745144,-0.742144,0.130326,0.133326,PROEX-177849,ponto_a_ponto_linha,N/A,N/A,1
2026-10-01 08:20:46,6.20393,13.2251,4096,4096,5000,-0.745144,-0.742144,0.130326,0.133326,PROEX-177849,ponto_a_ponto_linha,N/A,N/A,1
2026-10-01 08:21:02,6.14263,12.8699,4096,4096,5000,-0.745144,-0.742144,0.130326,0.133326,PROEX-177849,ponto_a_ponto_linha,N/A,N/A,1
2026-10-01 08:21:20,6.1346,15.0289,4096,4096,5000,-0.745144,-0.742144,0.130326,0.133326,PROEX-177849,ponto_a_ponto_linha,N/A,N/A,1
2026-10-01 08:21:42,8.18172,17.9003,4096,4096,5000,-0.745144,-0.742144,0.130326,0.133326,PROEX-177849,ponto_a_ponto_linha,N/A,N/A,1
2026-10-01 08:21:59,6.17801,15.0899,4096,4096,5000,-0.745144,-0.742144,0.130326,0.133326,PROEX-177849,ponto_a_ponto_linha,N/A,N/A,1
2026-10-01 08:22:14,6.11409,12.324,4096,4096,5000,-0.745144,-0.742144,0.130326,0.133326,PROEX-177849,ponto_a_ponto_linha,N/A,N/A,1
2026-10-01 08:24:42,6.1033,12.7963,4096,4096,5000,-0.745144,-0.742144,0.130326,0.133326,PROEX-177849,ponto_a_ponto_linha,N/A,N/A,1
2026-10-01 08:25:02,6.1069,12.3319,4096,4096,5000,-0.745144,-0.742144,0.130326,0.133326,PROEX-177849,ponto_a_ponto_linha,N/A,N/A,1
