DataHora,TempoGasto,WIDTH,HEIGHT,MAX_ITER,RE_MIN,RE_MAX,IM_MIN,IM_MAX,Machine,Code,Schedule,ChunkSize,Threads
2026-08-24 22:18:15,9.16869,4096,4096,1000,-2.0,1.0,-1.5,1.5,deCasa,sequencial,,,1
2026-08-24 22:25:48,8.36738,4096,4096,1000,-2.0,1.0,-1.5,1.5,deCasa,sequencial,,,1
2026-08-24 22:27:00,9.25922,4096,4096,1000,-2.0,1.0,-1.5,1.5,deCasa,sequencial,,,1
2026-08-24 22:31:03,9.55052,4096,4096,1000,-2.0,1.0,-1.5,1.5,deCasa,sequencial,,,1
2026-08-24 22:33:09,33.635,8192,8192,1000,-2.0,1.0,-1.5,1.5,deCasa,sequencial,,,1
2026-08-27 07:10:15,7.15625,4096,4096,1000,-2.0,1.0,-1.5,1.5,PROEX-177849,sequencial,,,1
2026-08-27 07:58:54,7.34983,4096,4096,1000,-2.0,1.0,-1.5,1.5,deCasa,sequencial,,,1
2026-08-27 08:01:06,7.30116,4096,4096,1000,-2.0,1.0,-1.5,1.5,deCasa,sequencial,,,1
2026-08-27 08:04:24,7.46083,4096,4096,1000,-2.0,1.0,-1.5,1.5,deCasa,sequencial,,,1
2026-08-27 08:08:07,9.11924,4096,4096,1000,-2.0,1.0,-1.5,1.5,deCasa,sequencial,,,1
2026-08-27 08:23:48,7.34081,4096,4096,1000,-2.0,1.0,-1.5,1.5,PROEX-177849,sequencial,,,1
2026-08-27 08:33:34,7.51352,4096,4096,1000,-2.0,1.0,-1.5,1.5,PROEX-177849,sequencial,,,1
2026-08-27 08:40:25,7.62029,4096,4096,1000,-2.0,1.0,-1.5,1.5,PROEX-177849,sequencial,,,1
2026-08-27 08:43:01,8.1153,4096,4096,1000,-2.0,1.0,-1.5,1.5,PROEX-177849,sequencial,,,1
2026-08-27 08:44:25,8.20282,4096,4096,1000,-2.0,1.0,-1.5,1.5,PROEX-177849,sequencial,,,1
2026-08-27 08:56:02,20.6648,4096,4096,1000,-2.0,1.0,-1.5,1.5,PROEX-177849,ponto_a_ponto,,,1
2026-08-27 09:07:12,8.26287,4096,4096,1000,-2.0,1.0,-1.5,1.5,PROEX-177849,sequencial,,,1
2026-08-27 10:47:18,32.8268,8192,8192,1000,-2.0,1.0,-1.5,1.5,PROEX-177849,sequencial,,,1
2026-08-27 10:48:32,32.988,8192,8192,1000,-2.0,1.0,-1.5,1.5,PROEX-177849,sequencial,,,1
2026-08-27 10:49:45,32.7355,8192,8192,1000,-2.0,1.0,-1.5,1.5,PROEX-177849,sequencial,,,1
2026-08-27 10:50:56,32.9832,8192,8192,1000,-2.0,1.0,-1.5,1.5,PROEX-177849,sequencial,,,1
2026-08-27 10:58:54,130.093,16384,16384,1000,-2.0,1.0,-1.5,1.5,PROEX-177849,sequencial,,,1
2026-08-27 11:05:41,132.449,16384,16384,1000,-2.0,1.0,-1.5,1.5,PROEX-177849,sequencial,,,1
2026-08-27 11:07:49,2.60171,4096,4096,5000,-0.740644,-0.746644,0.130626,0.134826,PROEX-177849,sequencial,,,1
2026-08-27 11:12:22,12.3149,4096,4096,5000,-0.746644,-0.740644,0.128826,0.134826,PROEX-177849,ponto_a_ponto,,,1
2026-08-27 11:16:17,12.2776,4096,4096,5000,-0.746644,-0.740644,0.128826,0.134826,PROEX-177849,ponto_a_ponto,,,1
2026-08-27 11:17:20,12.4532,4096,4096,5000,-0.746644,-0.740644,0.128826,0.134826,PROEX-177849,ponto_a_ponto,,,1
2026-08-27 11:19:45,8.84645,4096,4096,5000,-0.745144,-0.742144,0.130326,0.133326,PROEX-177849,ponto_a_ponto,,,1
2026-08-27 11:27:45,35.5394,8192,8192,5000,-0.745144,-0.742144,0.130326,0.133326,PROEX-177849,ponto_a_ponto,,,1
2026-08-27 11:29:03,35.2498,8192,8192,5000,-0.745144,-0.742144,0.130326,0.133326,PROEX-177849,ponto_a_ponto,,,1
2026-08-27 11:34:23,141.477,16384,16384,5000,-0.745144,-0.742144,0.130326,0.133326,PROEX-177849,ponto_a_ponto,,,1
2026-09-22 20:51:00,34.7746,16384,16384,5000,-0.745144,-0.742144,0.130326,0.133326,deCasa,paralelo,static,64.0,4
2026-09-22 20:52:04,10.3447,4096,4096,1000,-2.0,1.0,-1.5,1.5,deCasa,paralelo,static,64.0,4
2026-09-22 20:52:58,9.00463,4096,4096,1000,-2.0,1.0,-1.5,1.5,deCasa,paralelo,static,1024.0,4
2026-09-22 20:54:23,5.3798,4096,4096,1000,-2.0,1.0,-1.5,1.5,deCasa,paralelo,dynamic,1.0,4
2026-09-22 20:54:51,5.30626,4096,4096,1000,-2.0,1.0,-1.5,1.5,deCasa,paralelo,dynamic,64.0,4
2026-09-22 20:56:45,7.93399,4096,4096,1000,-2.0,1.0,-1.5,1.5,deCasa,paralelo,dynamic,1024.0,4
2026-09-22 20:57:13,8.07205,4096,4096,1000,-2.0,1.0,-1.5,1.5,deCasa,paralelo,guided,0.0,4
2026-09-22 20:57:37,6.92406,4096,4096,1000,-2.0,1.0,-1.5,1.5,deCasa,paralelo,guided,64.0,4
2026-09-22 20:58:01,7.97647,4096,4096,1000,-2.0,1.0,-1.5,1.5,deCasa,paralelo,guided,1024.0,4
2026-09-22 20:58:48,6.10797,4096,4096,1000,-2.0,1.0,-1.5,1.5,deCasa,paralelo,dynamic,128.0,4
2026-09-22 20:59:43,5.49678,4096,4096,1000,-2.0,1.0,-1.5,1.5,deCasa,paralelo,dynamic,4.0,4
2026-09-22 21:01:15,6.26687,4096,4096,1000,-2.0,1.0,-1.5,1.5,deCasa,paralelo,dynamic,64.0,4
2026-09-22 21:01:36,5.0773,4096,4096,1000,-2.0,1.0,-1.5,1.5,deCasa,paralelo,dynamic,64.0,4
2026-09-22 21:01:57,5.20781,4096,4096,1000,-2.0,1.0,-1.5,1.5,deCasa,paralelo,dynamic,1.0,4
2026-09-22 21:02:20,5.23829,4096,4096,1000,-2.0,1.0,-1.5,1.5,deCasa,paralelo,dynamic,1.0,4
2026-09-22 21:02:53,5.64344,4096,4096,1000,-2.0,1.0,-1.5,1.5,deCasa,paralelo,dynamic,1.0,4
2026-09-22 21:04:28,20.4656,8192,8192,1000,-2.0,1.0,-1.5,1.5,deCasa,paralelo,dynamic,1.0,4
2026-09-22 21:05:47,20.7029,8192,8192,1000,-2.0,1.0,-1.5,1.5,deCasa,paralelo,dynamic,1.0,4
2026-09-22 21:06:56,20.2291,8192,8192,1000,-2.0,1.0,-1.5,1.5,deCasa,paralelo,dynamic,1.0,4
2026-09-22 21:11:42,84.4999,16384,16384,1000,-2.0,1.0,-1.5,1.5,deCasa,paralelo,dynamic,1.0,4
2026-09-22 21:16:33,14.068,4096,4096,1000,-2.0,1.0,-1.5,1.5,deCasa,ponto_a_ponto,,,1
2026-09-22 21:16:56,13.6071,4096,4096,1000,-2.0,1.0,-1.5,1.5,deCasa,ponto_a_ponto,,,1
2026-09-22 21:17:20,13.6391,4096,4096,1000,-2.0,1.0,-1.5,1.5,deCasa,ponto_a_ponto,,,1
2026-09-22 21:18:53,54.2481,8192,8192,1000,-2.0,1.0,-1.5,1.5,deCasa,ponto_a_ponto,,,1
2026-09-22 21:20:34,54.8314,8192,8192,1000,-2.0,1.0,-1.5,1.5,deCasa,ponto_a_ponto,,,1
2026-09-22 21:22:15,59.108,8192,8192,1000,-2.0,1.0,-1.5,1.5,deCasa,ponto_a_ponto,,,1
2026-09-22 21:28:22,213.691,16384,16384,1000,-2.0,1.0,-1.5,1.5,deCasa,ponto_a_ponto,,,1
2026-09-22 21:34:39,209.579,16384,16384,1000,-2.0,1.0,-1.5,1.5,deCasa,ponto_a_ponto,,,1
2026-09-22 21:41:25,239.08,16384,16384,1000,-2.0,1.0,-1.5,1.5,deCasa,ponto_a_ponto,,,1
2026-09-22 21:41:45,6.84303,4096,4096,5000,-0.745144,-0.742144,0.130326,0.133326,deCasa,ponto_a_ponto,,,1
2026-09-22 21:42:04,7.38299,4096,4096,5000,-0.745144,-0.742144,0.130326,0.133326,deCasa,ponto_a_ponto,,,1
2026-09-22 21:42:24,7.08934,4096,4096,5000,-0.745144,-0.742144,0.130326,0.133326,deCasa,ponto_a_ponto,,,1
2026-09-22 21:43:40,25.3999,8192,8192,5000,-0.745144,-0.742144,0.130326,0.133326,deCasa,ponto_a_ponto,,,1
2026-09-22 21:44:54,26.6288,8192,8192,5000,-0.745144,-0.742144,0.130326,0.133326,deCasa,ponto_a_ponto,,,1
2026-09-22 21:46:08,26.0061,8192,8192,5000,-0.745144,-0.742144,0.130326,0.133326,deCasa,ponto_a_ponto,,,1
2026-09-22 21:51:13,103.645,16384,16384,5000,-0.745144,-0.742144,0.130326,0.133326,deCasa,ponto_a_ponto,,,1
2026-09-22 21:56:12,108.524,16384,16384,5000,-0.745144,-0.742144,0.130326,0.133326,deCasa,ponto_a_ponto,,,1
2026-09-22 22:01:10,101.604,16384,16384,5000,-0.745144,-0.742144,0.130326,0.133326,deCasa,ponto_a_ponto,,,1
2026-09-22 22:01:23,4.28178,4096,4096,1000,-2.0,1.0,-1.5,1.5,deCasa,paralelo,static,64.0,4
2026-09-22 22:01:36,4.43433,4096,4096,1000,-2.0,1.0,-1.5,1.5,deCasa,paralelo,static,64.0,4
2026-09-22 22:01:48,4.42366,4096,4096,1000,-2.0,1.0,-1.5,1.5,deCasa,paralelo,static,64.0,4
2026-09-22 22:02:01,4.40567,4096,4096,1000,-2.0,1.0,-1.5,1.5,deCasa,paralelo,dynamic,1.0,4
2026-09-22 22:02:13,4.24038,4096,4096,1000,-2.0,1.0,-1.5,1.5,deCasa,paralelo,dynamic,1.0,4
2026-09-22 22:02:26,4.24145,4096,4096,1000,-2.0,1.0,-1.5,1.5,deCasa,paralelo,dynamic,1.0,4
2026-09-22 22:02:38,4.06629,4096,4096,1000,-2.0,1.0,-1.5,1.5,deCasa,paralelo,dynamic,64.0,4
2026-09-22 22:02:54,4.39679,4096,4096,1000,-2.0,1.0,-1.5,1.5,deCasa,paralelo,dynamic,64.0,4
2026-09-22 22:03:08,4.66385,4096,4096,1000,-2.0,1.0,-1.5,1.5,deCasa,paralelo,dynamic,64.0,4
2026-09-22 22:03:25,7.83107,4096,4096,1000,-2.0,1.0,-1.5,1.5,deCasa,paralelo,guided,64.0,4
2026-09-22 22:03:39,5.95643,4096,4096,1000,-2.0,1.0,-1.5,1.5,deCasa,paralelo,guided,64.0,4
2026-09-22 22:03:54,6.29914,4096,4096,1000,-2.0,1.0,-1.5,1.5,deCasa,paralelo,guided,64.0,4
2026-09-22 22:04:11,7.63477,4096,4096,1000,-2.0,1.0,-1.5,1.5,deCasa,paralelo,auto,0.0,4
2026-09-22 22:04:28,8.07299,4096,4096,1000,-2.0,1.0,-1.5,1.5,deCasa,paralelo,auto,0.0,4
2026-09-22 22:04:46,8.15235,4096,4096,1000,-2.0,1.0,-1.5,1.5,deCasa,paralelo,auto,0.0,4
2026-09-22 22:05:38,16.9317,8192,8192,1000,-2.0,1.0,-1.5,1.5,deCasa,paralelo,static,64.0,4
2026-09-22 22:06:32,17.8337,8192,8192,1000,-2.0,1.0,-1.5,1.5,deCasa,paralelo,static,64.0,4
2026-09-22 22:07:23,16.7277,8192,8192,1000,-2.0,1.0,-1.5,1.5,deCasa,paralelo,static,64.0,4
2026-09-22 22:08:17,15.804,8192,8192,1000,-2.0,1.0,-1.5,1.5,deCasa,paralelo,dynamic,1.0,4
2026-09-22 22:09:27,20.4217,8192,8192,1000,-2.0,1.0,-1.5,1.5,deCasa,paralelo,dynamic,1.0,4
2026-09-22 22:10:33,24.5387,8192,8192,1000,-2.0,1.0,-1.5,1.5,deCasa,paralelo,dynamic,1.0,4
2026-09-22 22:11:29,20.6478,8192,8192,1000,-2.0,1.0,-1.5,1.5,deCasa,paralelo,dynamic,64.0,4
2026-09-22 22:12:21,17.8416,8192,8192,1000,-2.0,1.0,-1.5,1.5,deCasa,paralelo,dynamic,64.0,4
2026-09-22 22:13:25,16.2405,8192,8192,1000,-2.0,1.0,-1.5,1.5,deCasa,paralelo,dynamic,64.0,4
2026-09-22 22:14:36,29.9301,8192,8192,1000,-2.0,1.0,-1.5,1.5,deCasa,paralelo,guided,64.0,4
2026-09-22 22:15:50,27.994,8192,8192,1000,-2.0,1.0,-1.5,1.5,deCasa,paralelo,guided,64.0,4
2026-09-22 22:17:01,29.6651,8192,8192,1000,-2.0,1.0,-1.5,1.5,deCasa,paralelo,guided,64.0,4
2026-09-22 22:18:20,34.1737,8192,8192,1000,-2.0,1.0,-1.5,1.5,deCasa,paralelo,auto,0.0,4
2026-09-22 22:19:30,32.8789,8192,8192,1000,-2.0,1.0,-1.5,1.5,deCasa,paralelo,auto,0.0,4
2026-09-22 22:20:51,36.0556,8192,8192,1000,-2.0,1.0,-1.5,1.5,deCasa,paralelo,auto,0.0,4
2026-09-22 22:24:58,85.073,16384,16384,1000,-2.0,1.0,-1.5,1.5,deCasa,paralelo,static,64.0,4
2026-09-22 22:29:19,84.9205,16384,16384,1000,-2.0,1.0,-1.5,1.5,deCasa,paralelo,static,64.0,4
2026-09-22 22:33:26,72.2481,16384,16384,1000,-2.0,1.0,-1.5,1.5,deCasa,paralelo,static,64.0,4
2026-09-22 22:37:15,69.251,16384,16384,1000,-2.0,1.0,-1.5,1.5,deCasa,paralelo,dynamic,1.0,4
2026-09-22 22:41:37,86.3876,16384,16384,1000,-2.0,1.0,-1.5,1.5,deCasa,paralelo,dynamic,1.0,4
2026-09-22 23:05:44,132.89,16384,16384,1000,-2.0,1.0,-1.5,1.5,deCasa,paralelo,dynamic,1.0,4
2026-09-22 23:06:26,144.476,16384,16384,1000,-2.0,1.0,-1.5,1.5,deCasa,paralelo,dynamic,1.0,4
2026-09-22 23:09:21,54.0958,16384,16384,1000,-2.0,1.0,-1.5,1.5,deCasa,paralelo,dynamic,64.0,4
2026-09-22 23:12:27,60.7626,16384,16384,1000,-2.0,1.0,-1.5,1.5,deCasa,paralelo,dynamic,64.0,4
2026-09-22 23:15:36,62.6384,16384,16384,1000,-2.0,1.0,-1.5,1.5,deCasa,paralelo,dynamic,64.0,4
2026-09-22 23:18:47,86.5276,16384,16384,1000,-2.0,1.0,-1.5,1.5,deCasa,paralelo,guided,64.0,4
2026-09-22 23:22:33,77.2982,16384,16384,1000,-2.0,1.0,-1.5,1.5,deCasa,paralelo,guided,64.0,4
2026-09-22 23:25:43,82.0037,16384,16384,1000,-2.0,1.0,-1.5,1.5,deCasa,paralelo,guided,64.0,4
2026-09-22 23:28:55,84.6957,16384,16384,1000,-2.0,1.0,-1.5,1.5,deCasa,paralelo,auto,0.0,4
2026-09-22 23:32:11,84.5648,16384,16384,1000,-2.0,1.0,-1.5,1.5,deCasa,paralelo,auto,0.0,4
2026-09-22 23:35:22,88.2503,16384,16384,1000,-2.0,1.0,-1.5,1.5,deCasa,paralelo,auto,0.0,4
2026-09-22 23:35:31,1.50771,4096,4096,5000,-0.745144,-0.742144,0.130326,0.133326,deCasa,paralelo,static,64.0,4
2026-09-22 23:35:41,1.50197,4096,4096,5000,-0.745144,-0.742144,0.130326,0.133326,deCasa,paralelo,static,64.0,4
2026-09-22 23:35:49,1.48403,4096,4096,5000,-0.745144,-0.742144,0.130326,0.133326,deCasa,paralelo,static,64.0,4
2026-09-22 23:35:59,1.42088,4096,4096,5000,-0.745144,-0.742144,0.130326,0.133326,deCasa,paralelo,dynamic,1.0,4
2026-09-22 23:36:08,1.40416,4096,4096,5000,-0.745144,-0.742144,0.130326,0.133326,deCasa,paralelo,dynamic,1.0,4
2026-09-22 23:36:16,1.41746,4096,4096,5000,-0.745144,-0.742144,0.130326,0.133326,deCasa,paralelo,dynamic,1.0,4
2026-09-22 23:36:25,1.65461,4096,4096,5000,-0.745144,-0.742144,0.130326,0.133326,deCasa,paralelo,dynamic,64.0,4
2026-09-22 23:36:34,1.53001,4096,4096,5000,-0.745144,-0.742144,0.130326,0.133326,deCasa,paralelo,dynamic,64.0,4
2026-09-22 23:36:43,1.43888,4096,4096,5000,-0.745144,-0.742144,0.130326,0.133326,deCasa,paralelo,dynamic,64.0,4
2026-09-22 23:36:52,1.41699,4096,4096,5000,-0.745144,-0.742144,0.130326,0.133326,deCasa,paralelo,guided,64.0,4
2026-09-22 23:37:00,1.42866,4096,4096,5000,-0.745144,-0.742144,0.130326,0.133326,deCasa,paralelo,guided,64.0,4
2026-09-22 23:37:09,1.7192,4096,4096,5000,-0.745144,-0.742144,0.130326,0.133326,deCasa,paralelo,guided,64.0,4
2026-09-22 23:37:19,1.73182,4096,4096,5000,-0.745144,-0.742144,0.130326,0.133326,deCasa,paralelo,auto,0.0,4
2026-09-22 23:37:28,1.73571,4096,4096,5000,-0.745144,-0.742144,0.130326,0.133326,deCasa,paralelo,auto,0.0,4
2026-09-22 23:37:37,1.61814,4096,4096,5000,-0.745144,-0.742144,0.130326,0.133326,deCasa,paralelo,auto,0.0,4
2026-09-22 23:38:13,5.66336,8192,8192,5000,-0.745144,-0.742144,0.130326,0.133326,deCasa,paralelo,static,64.0,4
2026-09-22 23:38:50,5.70046,8192,8192,5000,-0.745144,-0.742144,0.130326,0.133326,deCasa,paralelo,static,64.0,4
2026-09-22 23:39:26,5.84624,8192,8192,5000,-0.745144,-0.742144,0.130326,0.133326,deCasa,paralelo,static,64.0,4
2026-09-22 23:40:02,5.68718,8192,8192,5000,-0.745144,-0.742144,0.130326,0.133326,deCasa,paralelo,dynamic,1.0,4
2026-09-22 23:40:39,5.71451,8192,8192,5000,-0.745144,-0.742144,0.130326,0.133326,deCasa,paralelo,dynamic,1.0,4
2026-09-22 23:41:13,5.60977,8192,8192,5000,-0.745144,-0.742144,0.130326,0.133326,deCasa,paralelo,dynamic,1.0,4
2026-09-22 23:41:47,5.75284,8192,8192,5000,-0.745144,-0.742144,0.130326,0.133326,deCasa,paralelo,dynamic,64.0,4
2026-09-22 23:42:22,5.68165,8192,8192,5000,-0.745144,-0.742144,0.130326,0.133326,deCasa,paralelo,dynamic,64.0,4
2026-09-22 23:42:57,5.51256,8192,8192,5000,-0.745144,-0.742144,0.130326,0.133326,deCasa,paralelo,dynamic,64.0,4
2026-09-22 23:43:32,5.79525,8192,8192,5000,-0.745144,-0.742144,0.130326,0.133326,deCasa,paralelo,guided,64.0,4
2026-09-22 23:44:07,5.67701,8192,8192,5000,-0.745144,-0.742144,0.130326,0.133326,deCasa,paralelo,guided,64.0,4
2026-09-22 23:44:42,5.71663,8192,8192,5000,-0.745144,-0.742144,0.130326,0.133326,deCasa,paralelo,guided,64.0,4
2026-09-22 23:45:18,6.56299,8192,8192,5000,-0.745144,-0.742144,0.130326,0.133326,deCasa,paralelo,auto,0.0,4
2026-09-22 23:45:53,6.372,8192,8192,5000,-0.745144,-0.742144,0.130326,0.133326,deCasa,paralelo,auto,0.0,4
2026-09-22 23:46:28,6.51793,8192,8192,5000,-0.745144,-0.742144,0.130326,0.133326,deCasa,paralelo,auto,0.0,4
2026-09-22 23:48:50,22.9737,16384,16384,5000,-0.745144,-0.742144,0.130326,0.133326,deCasa,paralelo,static,64.0,4
2026-09-22 23:51:12,22.8011,16384,16384,5000,-0.745144,-0.742144,0.130326,0.133326,deCasa,paralelo,static,64.0,4
2026-09-22 23:53:34,22.2093,16384,16384,5000,-0.745144,-0.742144,0.130326,0.133326,deCasa,paralelo,dynamic,1.0,4
2026-09-22 23:55:56,22.0703,16384,16384,5000,-0.745144,-0.742144,0.130326,0.133326,deCasa,paralelo,dynamic,1.0,4
2026-09-22 23:58:16,22.1495,16384,16384,5000,-0.745144,-0.742144,0.130326,0.133326,deCasa,paralelo,dynamic,1.0,4
2026-09-23 00:00:38,22.0718,16384,16384,5000,-0.745144,-0.742144,0.130326,0.133326,deCasa,paralelo,dynamic,64.0,4
2026-09-23 00:03:00,22.0992,16384,16384,5000,-0.745144,-0.742144,0.130326,0.133326,deCasa,paralelo,dynamic,64.0,4
2026-09-23 00:05:20,22.1318,16384,16384,5000,-0.745144,-0.742144,0.130326,0.133326,deCasa,paralelo,dynamic,64.0,4
2026-09-23 00:07:42,22.9877,16384,16384,5000,-0.745144,-0.742144,0.130326,0.133326,deCasa,paralelo,guided,64.0,4
2026-09-23 00:10:03,22.0785,16384,16384,5000,-0.745144,-0.742144,0.130326,0.133326,deCasa,paralelo,guided,64.0,4
2026-09-23 00:12:26,23.3486,16384,16384,5000,-0.745144,-0.742144,0.130326,0.133326,deCasa,paralelo,guided,64.0,4
2026-09-23 00:14:54,25.7865,16384,16384,5000,-0.745144,-0.742144,0.130326,0.133326,deCasa,paralelo,auto,0.0,4
2026-09-23 00:17:18,25.7093,16384,16384,5000,-0.745144,-0.742144,0.130326,0.133326,deCasa,paralelo,auto,0.0,4
2026-09-23 00:19:43,25.2783,16384,16384,5000,-0.745144,-0.742144,0.130326,0.133326,deCasa,paralelo,auto,0.0,4
2026-09-23 07:03:06,7.41378,4096,4096,1000,-2.0,2.0,-2.0,0.133326,deCasa,ponto_a_ponto,,,1
2026-09-23 07:04:08,10.9068,4096,4096,1000,-2.0,1.0,-1.5,1.5,deCasa,ponto_a_ponto,,,1
2026-09-23 07:57:52,11.5353,4096,4096,1000,-2.0,1.0,-1.5,1.5,deCasa,ponto_a_ponto,,,1
2026-09-23 07:58:06,5.32985,4096,4096,5000,-0.745144,-0.742144,0.130326,0.133326,deCasa,ponto_a_ponto,,,1
2026-09-23 07:58:17,3.53878,4096,4096,1000,-2.0,1.0,-1.5,1.5,deCasa,paralelo,dynamic,1.0,4
2026-09-23 07:58:28,3.39772,4096,4096,1000,-2.0,1.0,-1.5,1.5,deCasa,paralelo,dynamic,64.0,4
2026-09-23 07:58:40,4.88414,4096,4096,1000,-2.0,1.0,-1.5,1.5,deCasa,paralelo,guided,64.0,4
2026-09-23 07:58:51,1.89624,4096,4096,5000,-0.745144,-0.742144,0.130326,0.133326,deCasa,paralelo,dynamic,1.0,4
2026-09-23 07:59:01,2.00617,4096,4096,5000,-0.745144,-0.742144,0.130326,0.133326,deCasa,paralelo,dynamic,64.0,4
2026-09-23 07:59:12,1.74947,4096,4096,5000,-0.745144,-0.742144,0.130326,0.133326,deCasa,paralelo,guided,64.0,4
2026-09-23 08:00:09,4.56564,4096,4096,1000,-2.0,1.0,-1.5,1.5,deCasa,paralelo_collapse,static,64.0,4
2026-09-23 08:00:22,4.30248,4096,4096,1000,-2.0,1.0,-1.5,1.5,deCasa,paralelo_collapse,static,64.0,4
2026-09-23 08:00:34,4.8924,4096,4096,1000,-2.0,1.0,-1.5,1.5,deCasa,paralelo_collapse,static,64.0,4
2026-09-23 08:00:50,4.78023,4096,4096,1000,-2.0,1.0,-1.5,1.5,deCasa,paralelo_collapse,dynamic,1.0,4
2026-09-23 08:01:04,5.43667,4096,4096,1000,-2.0,1.0,-1.5,1.5,deCasa,paralelo_collapse,dynamic,1.0,4
2026-09-23 08:01:19,4.16058,4096,4096,1000,-2.0,1.0,-1.5,1.5,deCasa,paralelo_collapse,dynamic,1.0,4
2026-09-23 08:01:32,3.93955,4096,4096,1000,-2.0,1.0,-1.5,1.5,deCasa,paralelo_collapse,dynamic,64.0,4
2026-09-23 08:01:45,4.18701,4096,4096,1000,-2.0,1.0,-1.5,1.5,deCasa,paralelo_collapse,dynamic,64.0,4
2026-09-23 08:01:57,3.89287,4096,4096,1000,-2.0,1.0,-1.5,1.5,deCasa,paralelo_collapse,dynamic,64.0,4
2026-09-23 08:02:15,8.93732,4096,4096,1000,-2.0,1.0,-1.5,1.5,deCasa,paralelo_collapse,guided,64.0,4
2026-09-23 08:02:28,4.97864,4096,4096,1000,-2.0,1.0,-1.5,1.5,deCasa,paralelo_collapse,guided,64.0,4
2026-09-23 08:02:40,5.20257,4096,4096,1000,-2.0,1.0,-1.5,1.5,deCasa,paralelo_collapse,guided,64.0,4
2026-09-23 08:02:54,5.60585,4096,4096,1000,-2.0,1.0,-1.5,1.5,deCasa,paralelo_collapse,auto,0.0,4
2026-09-23 08:03:06,5.71362,4096,4096,1000,-2.0,1.0,-1.5,1.5,deCasa,paralelo_collapse,auto,0.0,4
2026-09-23 08:03:19,5.72987,4096,4096,1000,-2.0,1.0,-1.5,1.5,deCasa,paralelo_collapse,auto,0.0,4
2026-09-23 08:04:00,14.0562,8192,8192,1000,-2.0,1.0,-1.5,1.5,deCasa,paralelo_collapse,static,64.0,4
2026-09-23 08:04:43,15.0481,8192,8192,1000,-2.0,1.0,-1.5,1.5,deCasa,paralelo_collapse,static,64.0,4
2026-09-23 08:05:25,15.2523,8192,8192,1000,-2.0,1.0,-1.5,1.5,deCasa,paralelo_collapse,static,64.0,4
2026-09-23 08:06:08,14.911,8192,8192,1000,-2.0,1.0,-1.5,1.5,deCasa,paralelo_collapse,dynamic,1.0,4
2026-09-23 08:06:51,15.0844,8192,8192,1000,-2.0,1.0,-1.5,1.5,deCasa,paralelo_collapse,dynamic,1.0,4
2026-09-23 08:07:33,15.0549,8192,8192,1000,-2.0,1.0,-1.5,1.5,deCasa,paralelo_collapse,dynamic,1.0,4
2026-09-23 08:08:14,13.4202,8192,8192,1000,-2.0,1.0,-1.5,1.5,deCasa,paralelo_collapse,dynamic,64.0,4
2026-09-23 08:08:54,13.0874,8192,8192,1000,-2.0,1.0,-1.5,1.5,deCasa,paralelo_collapse,dynamic,64.0,4
2026-09-23 08:09:34,13.2956,8192,8192,1000,-2.0,1.0,-1.5,1.5,deCasa,paralelo_collapse,dynamic,64.0,4
2026-09-23 08:10:22,19.7868,8192,8192,1000,-2.0,1.0,-1.5,1.5,deCasa,paralelo_collapse,guided,64.0,4
2026-09-23 08:11:08,19.9159,8192,8192,1000,-2.0,1.0,-1.5,1.5,deCasa,paralelo_collapse,guided,64.0,4
2026-09-23 08:11:54,19.7472,8192,8192,1000,-2.0,1.0,-1.5,1.5,deCasa,paralelo_collapse,guided,64.0,4
2026-09-23 08:12:43,22.2103,8192,8192,1000,-2.0,1.0,-1.5,1.5,deCasa,paralelo_collapse,auto,0.0,4
2026-09-23 08:13:32,22.2379,8192,8192,1000,-2.0,1.0,-1.5,1.5,deCasa,paralelo_collapse,auto,0.0,4
2026-09-23 08:14:20,21.8874,8192,8192,1000,-2.0,1.0,-1.5,1.5,deCasa,paralelo_collapse,auto,0.0,4
2026-09-23 08:17:00,53.3349,16384,16384,1000,-2.0,1.0,-1.5,1.5,deCasa,paralelo_collapse,static,64.0,4
2026-09-23 08:19:42,54.7767,16384,16384,1000,-2.0,1.0,-1.5,1.5,deCasa,paralelo_collapse,static,64.0,4
2026-09-23 08:22:25,55.5009,16384,16384,1000,-2.0,1.0,-1.5,1.5,deCasa,paralelo_collapse,static,64.0,4
2026-09-23 08:25:15,60.4443,16384,16384,1000,-2.0,1.0,-1.5,1.5,deCasa,paralelo_collapse,dynamic,1.0,4
2026-09-23 08:28:00,58.2333,16384,16384,1000,-2.0,1.0,-1.5,1.5,deCasa,paralelo_collapse,dynamic,1.0,4
2026-09-23 08:30:50,60.0096,16384,16384,1000,-2.0,1.0,-1.5,1.5,deCasa,paralelo_collapse,dynamic,1.0,4
2026-09-23 08:33:29,52.1699,16384,16384,1000,-2.0,1.0,-1.5,1.5,deCasa,paralelo_collapse,dynamic,64.0,4
2026-09-23 08:36:08,53.8961,16384,16384,1000,-2.0,1.0,-1.5,1.5,deCasa,paralelo_collapse,dynamic,64.0,4
2026-09-23 08:38:51,53.9265,16384,16384,1000,-2.0,1.0,-1.5,1.5,deCasa,paralelo_collapse,dynamic,64.0,4
2026-09-23 08:41:58,80.5486,16384,16384,1000,-2.0,1.0,-1.5,1.5,deCasa,paralelo_collapse,guided,64.0,4
2026-09-23 08:45:06,80.8593,16384,16384,1000,-2.0,1.0,-1.5,1.5,deCasa,paralelo_collapse,guided,64.0,4
2026-09-23 08:48:11,79.5,16384,16384,1000,-2.0,1.0,-1.5,1.5,deCasa,paralelo_collapse,guided,64.0,4
2026-09-23 08:51:23,87.8279,16384,16384,1000,-2.0,1.0,-1.5,1.5,deCasa,paralelo_collapse,auto,0.0,4
2026-09-23 08:54:39,88.2762,16384,16384,1000,-2.0,1.0,-1.5,1.5,deCasa,paralelo_collapse,auto,0.0,4
2026-09-23 08:57:54,87.6104,16384,16384,1000,-2.0,1.0,-1.5,1.5,deCasa,paralelo_collapse,auto,0.0,4
2026-09-23 08:58:04,1.97091,4096,4096,5000,-0.745144,-0.742144,0.130326,0.133326,deCasa,paralelo_collapse,static,64.0,4
2026-09-23 08:58:13,1.74994,4096,4096,5000,-0.745144,-0.742144,0.130326,0.133326,deCasa,paralelo_collapse,static,64.0,4
2026-09-23 08:58:23,1.90078,4096,4096,5000,-0.745144,-0.742144,0.130326,0.133326,deCasa,paralelo_collapse,static,64.0,4
2026-09-23 08:58:33,1.98164,4096,4096,5000,-0.745144,-0.742144,0.130326,0.133326,deCasa,paralelo_collapse,dynamic,1.0,4
2026-09-23 08:58:43,1.85493,4096,4096,5000,-0.745144,-0.742144,0.130326,0.133326,deCasa,paralelo_collapse,dynamic,1.0,4
2026-09-23 08:58:54,1.91588,4096,4096,5000,-0.745144,-0.742144,0.130326,0.133326,deCasa,paralelo_collapse,dynamic,1.0,4
2026-09-23 08:59:04,1.56259,4096,4096,5000,-0.745144,-0.742144,0.130326,0.133326,deCasa,paralelo_collapse,dynamic,64.0,4
2026-09-23 08:59:14,1.5545,4096,4096,5000,-0.745144,-0.742144,0.130326,0.133326,deCasa,paralelo_collapse,dynamic,64.0,4
2026-09-23 08:59:24,1.84556,4096,4096,5000,-0.745144,-0.742144,0.130326,0.133326,deCasa,paralelo_collapse,dynamic,64.0,4
2026-09-23 08:59:33,1.54723,4096,4096,5000,-0.745144,-0.742144,0.130326,0.133326,deCasa,paralelo_collapse,guided,64.0,4
2026-09-23 08:59:43,1.69663,4096,4096,5000,-0.745144,-0.742144,0.130326,0.133326,deCasa,paralelo_collapse,guided,64.0,4
2026-09-23 08:59:53,1.56222,4096,4096,5000,-0.745144,-0.742144,0.130326,0.133326,deCasa,paralelo_collapse,guided,64.0,4
2026-09-23 09:00:03,1.90976,4096,4096,5000,-0.745144,-0.742144,0.130326,0.133326,deCasa,paralelo_collapse,auto,0.0,4
2026-09-23 09:00:13,1.85627,4096,4096,5000,-0.745144,-0.742144,0.130326,0.133326,deCasa,paralelo_collapse,auto,0.0,4
2026-09-23 09:00:23,1.98374,4096,4096,5000,-0.745144,-0.742144,0.130326,0.133326,deCasa,paralelo_collapse,auto,0.0,4
2026-09-23 09:01:02,6.84649,8192,8192,5000,-0.745144,-0.742144,0.130326,0.133326,deCasa,paralelo_collapse,static,64.0,4
2026-09-23 09:01:40,6.34858,8192,8192,5000,-0.745144,-0.742144,0.130326,0.133326,deCasa,paralelo_collapse,static,64.0,4
2026-09-23 09:02:20,6.36222,8192,8192,5000,-0.745144,-0.742144,0.130326,0.133326,deCasa,paralelo_collapse,static,64.0,4
2026-09-23 09:02:59,7.19068,8192,8192,5000,-0.745144,-0.742144,0.130326,0.133326,deCasa,paralelo_collapse,dynamic,1.0,4
2026-09-23 09:03:39,7.24919,8192,8192,5000,-0.745144,-0.742144,0.130326,0.133326,deCasa,paralelo_collapse,dynamic,1.0,4
2026-09-23 09:04:19,7.41975,8192,8192,5000,-0.745144,-0.742144,0.130326,0.133326,deCasa,paralelo_collapse,dynamic,1.0,4
2026-09-23 09:04:56,5.90016,8192,8192,5000,-0.745144,-0.742144,0.130326,0.133326,deCasa,paralelo_collapse,dynamic,64.0,4
2026-09-23 09:05:35,6.10317,8192,8192,5000,-0.745144,-0.742144,0.130326,0.133326,deCasa,paralelo_collapse,dynamic,64.0,4
2026-09-23 09:06:12,5.88391,8192,8192,5000,-0.745144,-0.742144,0.130326,0.133326,deCasa,paralelo_collapse,dynamic,64.0,4
2026-09-23 09:06:50,5.91684,8192,8192,5000,-0.745144,-0.742144,0.130326,0.133326,deCasa,paralelo_collapse,guided,64.0,4
2026-09-23 09:07:28,6.18717,8192,8192,5000,-0.745144,-0.742144,0.130326,0.133326,deCasa,paralelo_collapse,guided,64.0,4
2026-09-23 09:08:05,6.2285,8192,8192,5000,-0.745144,-0.742144,0.130326,0.133326,deCasa,paralelo_collapse,guided,64.0,4
2026-09-23 09:08:44,6.75191,8192,8192,5000,-0.745144,-0.742144,0.130326,0.133326,deCasa,paralelo_collapse,auto,0.0,4
2026-09-23 09:09:23,6.83123,8192,8192,5000,-0.745144,-0.742144,0.130326,0.133326,deCasa,paralelo_collapse,auto,0.0,4
2026-09-23 09:10:00,7.03613,8192,8192,5000,-0.745144,-0.742144,0.130326,0.133326,deCasa,paralelo_collapse,auto,0.0,4
2026-09-23 09:12:32,24.1975,16384,16384,5000,-0.745144,-0.742144,0.130326,0.133326,deCasa,paralelo_collapse,static,64.0,4
2026-09-23 09:15:04,25.614,16384,16384,5000,-0.745144,-0.742144,0.130326,0.133326,deCasa,paralelo_collapse,static,64.0,4
2026-09-23 09:17:36,25.0903,16384,16384,5000,-0.745144,-0.742144,0.130326,0.133326,deCasa,paralelo_collapse,static,64.0,4
2026-09-23 09:20:14,29.3089,16384,16384,5000,-0.745144,-0.742144,0.130326,0.133326,deCasa,paralelo_collapse,dynamic,1.0,4
2026-09-23 09:22:51,28.6786,16384,16384,5000,-0.745144,-0.742144,0.130326,0.133326,deCasa,paralelo_collapse,dynamic,1.0,4
2026-09-23 09:25:26,28.5897,16384,16384,5000,-0.745144,-0.742144,0.130326,0.133326,deCasa,paralelo_collapse,dynamic,1.0,4
2026-09-23 09:27:56,23.492,16384,16384,5000,-0.745144,-0.742144,0.130326,0.133326,deCasa,paralelo_collapse,dynamic,64.0,4
2026-09-23 09:30:27,23.5086,16384,16384,5000,-0.745144,-0.742144,0.130326,0.133326,deCasa,paralelo_collapse,dynamic,64.0,4
2026-09-23 09:32:58,23.4869,16384,16384,5000,-0.745144,-0.742144,0.130326,0.133326,deCasa,paralelo_collapse,dynamic,64.0,4
2026-09-23 09:35:28,23.41,16384,16384,5000,-0.745144,-0.742144,0.130326,0.133326,deCasa,paralelo_collapse,guided,64.0,4
2026-09-23 09:37:59,23.9916,16384,16384,5000,-0.745144,-0.742144,0.130326,0.133326,deCasa,paralelo_collapse,guided,64.0,4
2026-09-23 09:40:31,23.8043,16384,16384,5000,-0.745144,-0.742144,0.130326,0.133326,deCasa,paralelo_collapse,guided,64.0,4
2026-09-23 09:43:04,26.9462,16384,16384,5000,-0.745144,-0.742144,0.130326,0.133326,deCasa,paralelo_collapse,auto,0.0,4
2026-09-23 09:45:37,26.1595,16384,16384,5000,-0.745144,-0.742144,0.130326,0.133326,deCasa,paralelo_collapse,auto,0.0,4
2026-09-23 09:48:11,27.1718,16384,16384,5000,-0.745144,-0.742144,0.130326,0.133326,deCasa,paralelo_collapse,auto,0.0,4
2026-09-23 10:44:05,5.30714,4096,4096,1000,-2.0,1.0,-1.5,1.5,deCasa,paralelo,static,1024.0,4
2026-09-23 10:44:19,5.31442,4096,4096,1000,-2.0,1.0,-1.5,1.5,deCasa,paralelo,static,1024.0,4
2026-09-23 10:44:31,5.40443,4096,4096,1000,-2.0,1.0,-1.5,1.5,deCasa,paralelo,dynamic,1024.0,4
2026-09-23 10:44:44,5.41909,4096,4096,1000,-2.0,1.0,-1.5,1.5,deCasa,paralelo,dynamic,1024.0,4
2026-09-23 10:44:57,5.37008,4096,4096,1000,-2.0,1.0,-1.5,1.5,deCasa,paralelo,guided,1024.0,4
2026-09-23 10:45:10,5.55252,4096,4096,1000,-2.0,1.0,-1.5,1.5,deCasa,paralelo,guided,1024.0,4
2026-09-23 10:45:55,17.9377,8192,8192,1000,-2.0,1.0,-1.5,1.5,deCasa,paralelo,static,1024.0,4
2026-09-23 10:46:40,16.857,8192,8192,1000,-2.0,1.0,-1.5,1.5,deCasa,paralelo,static,1024.0,4
2026-09-23 10:47:23,16.1553,8192,8192,1000,-2.0,1.0,-1.5,1.5,deCasa,paralelo,static,1024.0,4
2026-09-23 10:48:05,17.0462,8192,8192,1000,-2.0,1.0,-1.5,1.5,deCasa,paralelo,dynamic,1024.0,4
2026-09-23 10:48:47,15.8315,8192,8192,1000,-2.0,1.0,-1.5,1.5,deCasa,paralelo,dynamic,1024.0,4
2026-09-23 10:49:30,17.7996,8192,8192,1000,-2.0,1.0,-1.5,1.5,deCasa,paralelo,dynamic,1024.0,4
2026-09-23 10:50:15,19.0436,8192,8192,1000,-2.0,1.0,-1.5,1.5,deCasa,paralelo,guided,1024.0,4
2026-09-23 10:51:02,20.4709,8192,8192,1000,-2.0,1.0,-1.5,1.5,deCasa,paralelo,guided,1024.0,4
2026-09-23 10:51:48,19.5073,8192,8192,1000,-2.0,1.0,-1.5,1.5,deCasa,paralelo,guided,1024.0,4
2026-09-23 10:54:29,54.5812,16384,16384,1000,-2.0,1.0,-1.5,1.5,deCasa,paralelo,static,1024.0,4
2026-09-23 10:57:05,52.2296,16384,16384,1000,-2.0,1.0,-1.5,1.5,deCasa,paralelo,static,1024.0,4
2026-09-23 10:59:41,53.6211,16384,16384,1000,-2.0,1.0,-1.5,1.5,deCasa,paralelo,static,1024.0,4
2026-09-23 12:45:07,48.7226,16384,16384,1000,-2.0,1.0,-1.5,1.5,deCasa,paralelo,dynamic,1024.0,4
2026-09-23 12:47:34,50.1154,16384,16384,1000,-2.0,1.0,-1.5,1.5,deCasa,paralelo,dynamic,1024.0,4
2026-09-23 12:49:59,47.2447,16384,16384,1000,-2.0,1.0,-1.5,1.5,deCasa,paralelo,dynamic,1024.0,4
2026-09-23 12:52:51,75.5845,16384,16384,1000,-2.0,1.0,-1.5,1.5,deCasa,paralelo,guided,1024.0,4
2026-09-23 12:55:41,73.8262,16384,16384,1000,-2.0,1.0,-1.5,1.5,deCasa,paralelo,guided,1024.0,4
2026-09-23 12:58:32,73.9201,16384,16384,1000,-2.0,1.0,-1.5,1.5,deCasa,paralelo,guided,1024.0,4
2026-09-23 12:58:41,1.59329,4096,4096,5000,-0.745144,-0.742144,0.130326,0.133326,deCasa,paralelo,static,1024.0,4
2026-09-23 12:58:51,1.65967,4096,4096,5000,-0.745144,-0.742144,0.130326,0.133326,deCasa,paralelo,static,1024.0,4
2026-09-23 12:59:00,1.59412,4096,4096,5000,-0.745144,-0.742144,0.130326,0.133326,deCasa,paralelo,static,1024.0,4
2026-09-23 12:59:09,1.61742,4096,4096,5000,-0.745144,-0.742144,0.130326,0.133326,deCasa,paralelo,dynamic,1024.0,4
2026-09-23 12:59:18,1.55081,4096,4096,5000,-0.745144,-0.742144,0.130326,0.133326,deCasa,paralelo,dynamic,1024.0,4
2026-09-23 12:59:26,1.56643,4096,4096,5000,-0.745144,-0.742144,0.130326,0.133326,deCasa,paralelo,dynamic,1024.0,4
2026-09-23 12:59:35,1.61607,4096,4096,5000,-0.745144,-0.742144,0.130326,0.133326,deCasa,paralelo,guided,1024.0,4
2026-09-23 12:59:43,1.90409,4096,4096,5000,-0.745144,-0.742144,0.130326,0.133326,deCasa,paralelo,guided,1024.0,4
2026-09-23 12:59:52,1.94264,4096,4096,5000,-0.745144,-0.742144,0.130326,0.133326,deCasa,paralelo,guided,1024.0,4
2026-09-23 13:00:29,6.38761,8192,8192,5000,-0.745144,-0.742144,0.130326,0.133326,deCasa,paralelo,static,1024.0,4
2026-09-23 13:01:02,6.42276,8192,8192,5000,-0.745144,-0.742144,0.130326,0.133326,deCasa,paralelo,static,1024.0,4
2026-09-23 13:01:36,6.33455,8192,8192,5000,-0.745144,-0.742144,0.130326,0.133326,deCasa,paralelo,static,1024.0,4
2026-09-23 13:02:11,5.84421,8192,8192,5000,-0.745144,-0.742144,0.130326,0.133326,deCasa,paralelo,dynamic,1024.0,4
2026-09-23 13:02:45,5.88327,8192,8192,5000,-0.745144,-0.742144,0.130326,0.133326,deCasa,paralelo,dynamic,1024.0,4
2026-09-23 13:03:18,5.88104,8192,8192,5000,-0.745144,-0.742144,0.130326,0.133326,deCasa,paralelo,dynamic,1024.0,4
2026-09-23 13:03:53,5.72418,8192,8192,5000,-0.745144,-0.742144,0.130326,0.133326,deCasa,paralelo,guided,1024.0,4
2026-09-23 13:04:28,5.78357,8192,8192,5000,-0.745144,-0.742144,0.130326,0.133326,deCasa,paralelo,guided,1024.0,4
2026-09-23 13:05:01,5.69964,8192,8192,5000,-0.745144,-0.742144,0.130326,0.133326,deCasa,paralelo,guided,1024.0,4
2026-09-23 13:07:24,24.3055,16384,16384,5000,-0.745144,-0.742144,0.130326,0.133326,deCasa,paralelo,static,1024.0,4
2026-09-23 13:09:45,24.3247,16384,16384,5000,-0.745144,-0.742144,0.130326,0.133326,deCasa,paralelo,static,1024.0,4
2026-09-23 13:12:05,24.3367,16384,16384,5000,-0.745144,-0.742144,0.130326,0.133326,deCasa,paralelo,static,1024.0,4
2026-09-23 13:14:21,23.1509,16384,16384,5000,-0.745144,-0.742144,0.130326,0.133326,deCasa,paralelo,dynamic,1024.0,4
2026-09-23 13:50:01,24.4913,16384,16384,5000,-0.745144,-0.742144,0.130326,0.133326,deCasa,paralelo,dynamic,1024.0,4
2026-09-23 13:52:16,22.7019,16384,16384,5000,-0.745144,-0.742144,0.130326,0.133326,deCasa,paralelo,dynamic,1024.0,4
2026-09-23 13:54:34,22.136,16384,16384,5000,-0.745144,-0.742144,0.130326,0.133326,deCasa,paralelo,guided,1024.0,4
2026-09-23 13:56:51,22.404,16384,16384,5000,-0.745144,-0.742144,0.130326,0.133326,deCasa,paralelo,guided,1024.0,4
2026-09-23 13:59:06,22.4241,16384,16384,5000,-0.745144,-0.742144,0.130326,0.133326,deCasa,paralelo,guided,1024.0,4
2026-09-23 13:59:21,7.21068,4096,4096,1000,-2.0,1.0,-1.5,1.5,deCasa,paralelo_collapse,static,1024.0,4
2026-09-23 13:59:34,7.43282,4096,4096,1000,-2.0,1.0,-1.5,1.5,deCasa,paralelo_collapse,static,1024.0,4
2026-09-23 13:59:47,7.16079,4096,4096,1000,-2.0,1.0,-1.5,1.5,deCasa,paralelo_collapse,static,1024.0,4
2026-09-23 13:59:56,3.04324,4096,4096,1000,-2.0,1.0,-1.5,1.5,deCasa,paralelo_collapse,dynamic,1024.0,4
2026-09-23 14:00:06,3.2565,4096,4096,1000,-2.0,1.0,-1.5,1.5,deCasa,paralelo_collapse,dynamic,1024.0,4
2026-09-23 14:00:15,3.05865,4096,4096,1000,-2.0,1.0,-1.5,1.5,deCasa,paralelo_collapse,dynamic,1024.0,4
2026-09-23 14:00:27,4.8587,4096,4096,1000,-2.0,1.0,-1.5,1.5,deCasa,paralelo_collapse,guided,1024.0,4
2026-09-23 14:00:38,4.93867,4096,4096,1000,-2.0,1.0,-1.5,1.5,deCasa,paralelo_collapse,guided,1024.0,4
2026-09-23 14:00:49,5.11895,4096,4096,1000,-2.0,1.0,-1.5,1.5,deCasa,paralelo_collapse,guided,1024.0,4
2026-09-23 14:01:28,15.151,8192,8192,1000,-2.0,1.0,-1.5,1.5,deCasa,paralelo_collapse,static,1024.0,4
2026-09-23 14:02:07,15.1814,8192,8192,1000,-2.0,1.0,-1.5,1.5,deCasa,paralelo_collapse,static,1024.0,4
2026-09-23 14:02:46,15.2831,8192,8192,1000,-2.0,1.0,-1.5,1.5,deCasa,paralelo_collapse,static,1024.0,4
2026-09-23 14:03:22,12.0289,8192,8192,1000,-2.0,1.0,-1.5,1.5,deCasa,paralelo_collapse,dynamic,1024.0,4
2026-09-23 14:03:58,11.8949,8192,8192,1000,-2.0,1.0,-1.5,1.5,deCasa,paralelo_collapse,dynamic,1024.0,4
2026-09-23 14:04:36,12.0902,8192,8192,1000,-2.0,1.0,-1.5,1.5,deCasa,paralelo_collapse,dynamic,1024.0,4
2026-09-23 14:05:23,22.6203,8192,8192,1000,-2.0,1.0,-1.5,1.5,deCasa,paralelo_collapse,guided,1024.0,4
2026-09-23 14:06:06,19.5279,8192,8192,1000,-2.0,1.0,-1.5,1.5,deCasa,paralelo_collapse,guided,1024.0,4
2026-09-23 14:06:50,19.4151,8192,8192,1000,-2.0,1.0,-1.5,1.5,deCasa,paralelo_collapse,guided,1024.0,4
2026-09-23 14:09:17,50.0201,16384,16384,1000,-2.0,1.0,-1.5,1.5,deCasa,paralelo_collapse,static,1024.0,4
2026-09-23 14:11:43,50.5375,16384,16384,1000,-2.0,1.0,-1.5,1.5,deCasa,paralelo_collapse,static,1024.0,4
2026-09-23 14:14:10,50.3028,16384,16384,1000,-2.0,1.0,-1.5,1.5,deCasa,paralelo_collapse,static,1024.0,4
2026-09-23 14:16:31,47.2117,16384,16384,1000,-2.0,1.0,-1.5,1.5,deCasa,paralelo_collapse,dynamic,1024.0,4
2026-09-23 14:18:55,47.2187,16384,16384,1000,-2.0,1.0,-1.5,1.5,deCasa,paralelo_collapse,dynamic,1024.0,4
2026-09-23 14:21:32,47.2512,16384,16384,1000,-2.0,1.0,-1.5,1.5,deCasa,paralelo_collapse,dynamic,1024.0,4
2026-09-23 14:24:33,81.4156,16384,16384,1000,-2.0,1.0,-1.5,1.5,deCasa,paralelo_collapse,guided,1024.0,4
2026-09-23 14:25:02,20.3155,4096,4096,1000,-2.0,1.0,-1.5,1.5,deCasa,ponto_a_ponto,,,1
2026-09-23 14:25:18,7.75662,4096,4096,1000,-2.0,1.0,-1.5,1.5,deCasa,paralelo,static,64.0,2
2026-09-23 14:25:32,5.93112,4096,4096,1000,-2.0,1.0,-1.5,1.5,deCasa,paralelo_collapse,static,64.0,2
2026-09-23 14:25:48,4.16999,4096,4096,1000,-2.0,1.0,-1.5,1.5,deCasa,paralelo,static,64.0,4
2026-09-23 14:26:00,3.94704,4096,4096,1000,-2.0,1.0,-1.5,1.5,deCasa,paralelo_collapse,static,64.0,4
2026-09-23 14:26:44,5.55269,4096,4096,1000,-2.0,1.0,-1.5,1.5,deCasa,paralelo,static,1024.0,2
2026-09-23 14:26:58,7.30398,4096,4096,1000,-2.0,1.0,-1.5,1.5,deCasa,paralelo_collapse,static,1024.0,2
2026-09-23 14:27:14,5.16568,4096,4096,1000,-2.0,1.0,-1.5,1.5,deCasa,paralelo,static,1024.0,4
2026-09-23 14:27:27,7.12612,4096,4096,1000,-2.0,1.0,-1.5,1.5,deCasa,paralelo_collapse,static,1024.0,4
2026-09-23 14:28:10,5.30028,4096,4096,1000,-2.0,1.0,-1.5,1.5,deCasa,paralelo,dynamic,1.0,2
2026-09-23 14:28:23,6.19357,4096,4096,1000,-2.0,1.0,-1.5,1.5,deCasa,paralelo_collapse,dynamic,1.0,2
2026-09-23 14:28:38,3.01528,4096,4096,1000,-2.0,1.0,-1.5,1.5,deCasa,paralelo,dynamic,1.0,4
2026-09-23 14:28:48,3.50796,4096,4096,1000,-2.0,1.0,-1.5,1.5,deCasa,paralelo_collapse,dynamic,1.0,4
2026-09-23 14:29:30,5.31113,4096,4096,1000,-2.0,1.0,-1.5,1.5,deCasa,paralelo,dynamic,1024.0,2
2026-09-23 14:29:42,5.57662,4096,4096,1000,-2.0,1.0,-1.5,1.5,deCasa,paralelo_collapse,dynamic,1024.0,2
2026-09-23 14:31:19,11.1814,4096,4096,1000,-2.0,1.0,-1.5,1.5,deCasa,ponto_a_ponto,,,1
2026-09-23 14:31:28,3.05594,4096,4096,1000,-2.0,1.0,-1.5,1.5,deCasa,paralelo,static,64.0,4
2026-09-23 14:31:38,3.14903,4096,4096,1000,-2.0,1.0,-1.5,1.5,deCasa,paralelo_collapse,static,64.0,4
2026-09-23 14:31:52,3.38565,4096,4096,1000,-2.0,1.0,-1.5,1.5,deCasa,paralelo,dynamic,64.0,4
2026-09-23 14:32:01,2.98303,4096,4096,1000,-2.0,1.0,-1.5,1.5,deCasa,paralelo_collapse,dynamic,64.0,4
2026-09-23 14:32:18,4.87576,4096,4096,1000,-2.0,1.0,-1.5,1.5,deCasa,paralelo,guided,64.0,4
2026-09-23 14:32:29,4.84367,4096,4096,1000,-2.0,1.0,-1.5,1.5,deCasa,paralelo_collapse,guided,64.0,4
2026-09-23 14:38:13,77.2023,16384,16384,1000,-2.0,1.0,-1.5,1.5,deCasa,paralelo_collapse,guided,1024.0,4
2026-09-23 14:41:02,76.8418,16384,16384,1000,-2.0,1.0,-1.5,1.5,deCasa,paralelo_collapse,guided,1024.0,4
2026-09-23 14:41:11,1.65798,4096,4096,5000,-0.745144,-0.742144,0.130326,0.133326,deCasa,paralelo_collapse,static,1024.0,4
2026-09-23 14:41:20,1.52835,4096,4096,5000,-0.745144,-0.742144,0.130326,0.133326,deCasa,paralelo_collapse,static,1024.0,4
2026-09-23 14:41:28,1.46444,4096,4096,5000,-0.745144,-0.742144,0.130326,0.133326,deCasa,paralelo_collapse,static,1024.0,4
2026-09-23 14:41:37,1.46353,4096,4096,5000,-0.745144,-0.742144,0.130326,0.133326,deCasa,paralelo_collapse,dynamic,1024.0,4
2026-09-23 14:41:47,1.3499,4096,4096,5000,-0.745144,-0.742144,0.130326,0.133326,deCasa,paralelo_collapse,dynamic,1024.0,4
2026-09-23 14:41:55,1.33033,4096,4096,5000,-0.745144,-0.742144,0.130326,0.133326,deCasa,paralelo_collapse,dynamic,1024.0,4
2026-09-23 14:42:04,1.48823,4096,4096,5000,-0.745144,-0.742144,0.130326,0.133326,deCasa,paralelo_collapse,guided,1024.0,4
2026-09-23 14:42:13,1.35792,4096,4096,5000,-0.745144,-0.742144,0.130326,0.133326,deCasa,paralelo_collapse,guided,1024.0,4
2026-09-23 14:42:21,1.34088,4096,4096,5000,-0.745144,-0.742144,0.130326,0.133326,deCasa,paralelo_collapse,guided,1024.0,4
2026-09-23 14:42:56,6.37013,8192,8192,5000,-0.745144,-0.742144,0.130326,0.133326,deCasa,paralelo_collapse,static,1024.0,4
2026-09-23 14:43:30,6.28873,8192,8192,5000,-0.745144,-0.742144,0.130326,0.133326,deCasa,paralelo_collapse,static,1024.0,4
2026-09-23 14:44:03,6.19004,8192,8192,5000,-0.745144,-0.742144,0.130326,0.133326,deCasa,paralelo_collapse,static,1024.0,4
2026-09-23 14:44:36,5.50648,8192,8192,5000,-0.745144,-0.742144,0.130326,0.133326,deCasa,paralelo_collapse,dynamic,1024.0,4
2026-09-23 14:45:09,5.293,8192,8192,5000,-0.745144,-0.742144,0.130326,0.133326,deCasa,paralelo_collapse,dynamic,1024.0,4
2026-09-23 14:45:42,5.33284,8192,8192,5000,-0.745144,-0.742144,0.130326,0.133326,deCasa,paralelo_collapse,dynamic,1024.0,4
2026-09-23 14:46:17,5.64391,8192,8192,5000,-0.745144,-0.742144,0.130326,0.133326,deCasa,paralelo_collapse,guided,1024.0,4
2026-09-23 14:46:50,5.32524,8192,8192,5000,-0.745144,-0.742144,0.130326,0.133326,deCasa,paralelo_collapse,guided,1024.0,4
2026-09-23 14:47:23,5.29682,8192,8192,5000,-0.745144,-0.742144,0.130326,0.133326,deCasa,paralelo_collapse,guided,1024.0,4
2026-09-23 14:49:40,22.1213,16384,16384,5000,-0.745144,-0.742144,0.130326,0.133326,deCasa,paralelo_collapse,static,1024.0,4
2026-09-23 14:51:55,22.2481,16384,16384,5000,-0.745144,-0.742144,0.130326,0.133326,deCasa,paralelo_collapse,static,1024.0,4
2026-09-23 14:54:20,22.0758,16384,16384,5000,-0.745144,-0.742144,0.130326,0.133326,deCasa,paralelo_collapse,static,1024.0,4
2026-09-23 14:56:44,26.7496,16384,16384,5000,-0.745144,-0.742144,0.130326,0.133326,deCasa,paralelo_collapse,dynamic,1024.0,4
2026-09-23 14:59:00,21.3501,16384,16384,5000,-0.745144,-0.742144,0.130326,0.133326,deCasa,paralelo_collapse,dynamic,1024.0,4
2026-09-23 15:01:18,21.2348,16384,16384,5000,-0.745144,-0.742144,0.130326,0.133326,deCasa,paralelo_collapse,dynamic,1024.0,4
2026-09-23 15:03:34,21.1775,16384,16384,5000,-0.745144,-0.742144,0.130326,0.133326,deCasa,paralelo_collapse,guided,1024.0,4
2026-09-23 15:05:50,21.2662,16384,16384,5000,-0.745144,-0.742144,0.130326,0.133326,deCasa,paralelo_collapse,guided,1024.0,4
2026-09-23 15:08:05,21.2361,16384,16384,5000,-0.745144,-0.742144,0.130326,0.133326,deCasa,paralelo_collapse,guided,1024.0,4
2026-09-23 15:36:23,11.0401,4096,4096,1000,-2.0,1.0,-1.5,1.5,deCasa,ponto_a_ponto,,,1
2026-09-23 15:36:41,11.0937,4096,4096,1000,-2.0,1.0,-1.5,1.5,deCasa,ponto_a_ponto,,,1
2026-09-23 15:36:58,11.094,4096,4096,1000,-2.0,1.0,-1.5,1.5,deCasa,ponto_a_ponto,,,1
2026-09-23 15:38:05,43.6069,8192,8192,1000,-2.0,1.0,-1.5,1.5,deCasa,ponto_a_ponto,,,1
2026-09-23 15:39:13,43.6481,8192,8192,1000,-2.0,1.0,-1.5,1.5,deCasa,ponto_a_ponto,,,1
2026-09-23 15:40:21,43.9003,8192,8192,1000,-2.0,1.0,-1.5,1.5,deCasa,ponto_a_ponto,,,1
2026-09-23 15:44:48,174.179,16384,16384,1000,-2.0,1.0,-1.5,1.5,deCasa,ponto_a_ponto,,,1
2026-09-23 15:49:19,174.913,16384,16384,1000,-2.0,1.0,-1.5,1.5,deCasa,ponto_a_ponto,,,1
2026-09-23 15:53:52,175.435,16384,16384,1000,-2.0,1.0,-1.5,1.5,deCasa,ponto_a_ponto,,,1
2026-09-23 15:54:05,5.1331,4096,4096,5000,-0.745144,-0.742144,0.130326,0.133326,deCasa,ponto_a_ponto,,,1
2026-09-23 15:54:24,4.99996,4096,4096,5000,-0.745144,-0.742144,0.130326,0.133326,deCasa,ponto_a_ponto,,,1
2026-09-23 15:54:36,5.07985,4096,4096,5000,-0.745144,-0.742144,0.130326,0.133326,deCasa,ponto_a_ponto,,,1
2026-09-23 15:55:24,20.1499,8192,8192,5000,-0.745144,-0.742144,0.130326,0.133326,deCasa,ponto_a_ponto,,,1
2026-09-23 15:56:14,20.2246,8192,8192,5000,-0.745144,-0.742144,0.130326,0.133326,deCasa,ponto_a_ponto,,,1
2026-09-23 15:57:03,20.0335,8192,8192,5000,-0.745144,-0.742144,0.130326,0.133326,deCasa,ponto_a_ponto,,,1
2026-09-23 16:00:20,79.7841,16384,16384,5000,-0.745144,-0.742144,0.130326,0.133326,deCasa,ponto_a_ponto,,,1
2026-09-23 16:03:32,79.8643,16384,16384,5000,-0.745144,-0.742144,0.130326,0.133326,deCasa,ponto_a_ponto,,,1
2026-09-23 16:06:49,79.7783,16384,16384,5000,-0.745144,-0.742144,0.130326,0.133326,deCasa,ponto_a_ponto,,,1
2026-09-23 16:22:17,22.8772,8192,8192,1000,-2.0,1.0,-1.5,1.5,deCasa,sequencial,,,1
2026-09-23 16:23:06,23.0768,8192,8192,1000,-2.0,1.0,-1.5,1.5,deCasa,sequencial,,,1
2026-09-23 16:26:20,92.3638,16384,16384,1000,-2.0,1.0,-1.5,1.5,deCasa,sequencial,,,1
2026-09-23 16:29:34,92.1316,16384,16384,1000,-2.0,1.0,-1.5,1.5,deCasa,sequencial,,,1
2026-09-23 16:32:48,92.3074,16384,16384,1000,-2.0,1.0,-1.5,1.5,deCasa,sequencial,,,1
2026-09-23 16:32:59,3.14097,4096,4096,5000,-0.745144,-0.742144,0.130326,0.133326,deCasa,sequencial,,,1
2026-09-23 16:33:10,3.08396,4096,4096,5000,-0.745144,-0.742144,0.130326,0.133326,deCasa,sequencial,,,1
2026-09-23 16:33:22,3.12495,4096,4096,5000,-0.745144,-0.742144,0.130326,0.133326,deCasa,sequencial,,,1
2026-09-23 16:34:04,11.804,8192,8192,5000,-0.745144,-0.742144,0.130326,0.133326,deCasa,sequencial,,,1
2026-09-23 16:34:45,11.8104,8192,8192,5000,-0.745144,-0.742144,0.130326,0.133326,deCasa,sequencial,,,1
2026-09-23 16:35:28,11.7678,8192,8192,5000,-0.745144,-0.742144,0.130326,0.133326,deCasa,sequencial,,,1
2026-09-23 16:38:16,47.505,16384,16384,5000,-0.745144,-0.742144,0.130326,0.133326,deCasa,sequencial,,,1
2026-09-23 16:41:06,47.3438,16384,16384,5000,-0.745144,-0.742144,0.130326,0.133326,deCasa,sequencial,,,1
2026-09-23 16:43:52,47.4903,16384,16384,5000,-0.745144,-0.742144,0.130326,0.133326,deCasa,sequencial,,,1
2026-09-23 16:44:04,5.78087,4096,4096,1000,-2.0,1.0,-1.5,1.5,deCasa,paralelo,static,64.0,2
2026-09-23 16:44:17,5.66023,4096,4096,1000,-2.0,1.0,-1.5,1.5,deCasa,paralelo,static,64.0,2
2026-09-23 16:44:30,5.61021,4096,4096,1000,-2.0,1.0,-1.5,1.5,deCasa,paralelo,static,1024.0,2
2026-09-23 16:44:41,5.6608,4096,4096,1000,-2.0,1.0,-1.5,1.5,deCasa,paralelo,static,1024.0,2
2026-09-23 16:44:53,5.57605,4096,4096,1000,-2.0,1.0,-1.5,1.5,deCasa,paralelo,dynamic,1.0,2
2026-09-23 16:45:06,5.58126,4096,4096,1000,-2.0,1.0,-1.5,1.5,deCasa,paralelo,dynamic,1.0,2
2026-09-23 16:45:18,6.12173,4096,4096,1000,-2.0,1.0,-1.5,1.5,deCasa,paralelo,dynamic,1024.0,2
2026-09-23 16:45:30,5.48269,4096,4096,1000,-2.0,1.0,-1.5,1.5,deCasa,paralelo,dynamic,1024.0,2
2026-09-23 16:45:43,5.70685,4096,4096,1000,-2.0,1.0,-1.5,1.5,deCasa,paralelo,guided,64.0,2
2026-09-23 16:45:55,5.86757,4096,4096,1000,-2.0,1.0,-1.5,1.5,deCasa,paralelo,guided,64.0,2
2026-09-23 16:46:07,5.75126,4096,4096,1000,-2.0,1.0,-1.5,1.5,deCasa,paralelo,guided,64.0,2
2026-09-23 16:46:19,5.59071,4096,4096,1000,-2.0,1.0,-1.5,1.5,deCasa,paralelo,guided,1024.0,2
2026-09-23 16:46:31,5.58641,4096,4096,1000,-2.0,1.0,-1.5,1.5,deCasa,paralelo,guided,1024.0,2
2026-09-23 16:46:43,5.54348,4096,4096,1000,-2.0,1.0,-1.5,1.5,deCasa,paralelo,guided,1024.0,2
2026-09-23 16:46:55,5.4857,4096,4096,1000,-2.0,1.0,-1.5,1.5,deCasa,paralelo,auto,0.0,2
2026-09-23 16:47:08,5.76734,4096,4096,1000,-2.0,1.0,-1.5,1.5,deCasa,paralelo,auto,0.0,2
2026-09-23 16:47:20,5.5223,4096,4096,1000,-2.0,1.0,-1.5,1.5,deCasa,paralelo,auto,0.0,2
2026-09-23 16:48:08,21.7092,8192,8192,1000,-2.0,1.0,-1.5,1.5,deCasa,paralelo,static,64.0,2
2026-09-23 16:48:54,21.7784,8192,8192,1000,-2.0,1.0,-1.5,1.5,deCasa,paralelo,static,64.0,2
2026-09-23 16:49:40,21.2847,8192,8192,1000,-2.0,1.0,-1.5,1.5,deCasa,paralelo,static,64.0,2
2026-09-23 16:50:25,21.5326,8192,8192,1000,-2.0,1.0,-1.5,1.5,deCasa,paralelo,static,1024.0,2
2026-09-23 16:51:10,21.5107,8192,8192,1000,-2.0,1.0,-1.5,1.5,deCasa,paralelo,static,1024.0,2
2026-09-23 16:51:55,21.4207,8192,8192,1000,-2.0,1.0,-1.5,1.5,deCasa,paralelo,static,1024.0,2
2026-09-23 16:52:40,21.3247,8192,8192,1000,-2.0,1.0,-1.5,1.5,deCasa,paralelo,dynamic,1.0,2
2026-09-23 16:53:25,21.3787,8192,8192,1000,-2.0,1.0,-1.5,1.5,deCasa,paralelo,dynamic,1.0,2
2026-09-23 16:54:11,21.4212,8192,8192,1000,-2.0,1.0,-1.5,1.5,deCasa,paralelo,dynamic,1.0,2
2026-09-23 16:54:56,21.411,8192,8192,1000,-2.0,1.0,-1.5,1.5,deCasa,paralelo,dynamic,1024.0,2
2026-09-23 16:55:38,21.4011,8192,8192,1000,-2.0,1.0,-1.5,1.5,deCasa,paralelo,dynamic,1024.0,2
2026-09-23 16:56:24,21.3573,8192,8192,1000,-2.0,1.0,-1.5,1.5,deCasa,paralelo,dynamic,1024.0,2
2026-09-23 16:57:09,21.434,8192,8192,1000,-2.0,1.0,-1.5,1.5,deCasa,paralelo,guided,64.0,2
2026-09-23 16:57:53,21.4057,8192,8192,1000,-2.0,1.0,-1.5,1.5,deCasa,paralelo,guided,64.0,2
2026-09-23 16:58:38,21.4558,8192,8192,1000,-2.0,1.0,-1.5,1.5,deCasa,paralelo,guided,64.0,2
2026-09-23 16:59:23,21.3954,8192,8192,1000,-2.0,1.0,-1.5,1.5,deCasa,paralelo,guided,1024.0,2
2026-09-23 17:00:08,21.3466,8192,8192,1000,-2.0,1.0,-1.5,1.5,deCasa,paralelo,guided,1024.0,2
2026-09-23 17:00:54,21.3858,8192,8192,1000,-2.0,1.0,-1.5,1.5,deCasa,paralelo,guided,1024.0,2
2026-09-23 17:01:39,21.3486,8192,8192,1000,-2.0,1.0,-1.5,1.5,deCasa,paralelo,auto,0.0,2
2026-09-23 17:02:23,21.5015,8192,8192,1000,-2.0,1.0,-1.5,1.5,deCasa,paralelo,auto,0.0,2
2026-09-23 17:03:08,21.3492,8192,8192,1000,-2.0,1.0,-1.5,1.5,deCasa,paralelo,auto,0.0,2
2026-09-23 17:06:08,84.9662,16384,16384,1000,-2.0,1.0,-1.5,1.5,deCasa,paralelo,static,64.0,2
2026-09-23 17:09:08,84.9393,16384,16384,1000,-2.0,1.0,-1.5,1.5,deCasa,paralelo,static,64.0,2
2026-09-23 17:12:08,85.172,16384,16384,1000,-2.0,1.0,-1.5,1.5,deCasa,paralelo,static,64.0,2
2026-09-23 17:15:07,84.7802,16384,16384,1000,-2.0,1.0,-1.5,1.5,deCasa,paralelo,static,1024.0,2
2026-09-23 17:18:06,84.8489,16384,16384,1000,-2.0,1.0,-1.5,1.5,deCasa,paralelo,static,1024.0,2
2026-09-23 17:21:05,84.8446,16384,16384,1000,-2.0,1.0,-1.5,1.5,deCasa,paralelo,static,1024.0,2
2026-09-23 17:24:04,84.7,16384,16384,1000,-2.0,1.0,-1.5,1.5,deCasa,paralelo,dynamic,1.0,2
2026-09-23 17:27:00,84.6467,16384,16384,1000,-2.0,1.0,-1.5,1.5,deCasa,paralelo,dynamic,1.0,2
2026-09-23 20:22:59,99.4355,16384,16384,1000,-2,1,-1.5,1.5,deCasa,paralelo_collapse,dynamic,1,2
2026-09-23 20:23:18,3.85825,4096,4096,1000,-2,1,-1.5,1.5,deCasa,paralelo_collapse,static,64,4
2026-09-23 20:23:33,7.29348,4096,4096,1000,-2,1,-1.5,1.5,deCasa,paralelo_collapse,static,1024,4
2026-09-23 20:23:45,4.45161,4096,4096,1000,-2,1,-1.5,1.5,deCasa,paralelo_collapse,dynamic,1,4
2026-09-23 20:23:56,4.36442,4096,4096,1000,-2,1,-1.5,1.5,deCasa,paralelo_collapse,dynamic,1024,4
2026-09-23 20:24:08,5.46183,4096,4096,1000,-2,1,-1.5,1.5,deCasa,paralelo_collapse,guided,64,4
2026-09-23 20:24:20,5.19993,4096,4096,1000,-2,1,-1.5,1.5,deCasa,paralelo_collapse,guided,1024,4
2026-09-23 20:24:34,5.51188,4096,4096,1000,-2,1,-1.5,1.5,deCasa,paralelo_collapse,auto,0,4
2026-09-23 20:24:44,1.88727,4096,4096,5000,-0.745144,-0.742144,0.130326,0.133326,deCasa,paralelo_collapse,static,64,4
2026-09-23 20:24:54,1.85841,4096,4096,5000,-0.745144,-0.742144,0.130326,0.133326,deCasa,paralelo_collapse,static,1024,4
2026-09-23 20:25:04,2.12494,4096,4096,5000,-0.745144,-0.742144,0.130326,0.133326,deCasa,paralelo_collapse,dynamic,1,4
2026-09-23 20:25:14,1.82329,4096,4096,5000,-0.745144,-0.742144,0.130326,0.133326,deCasa,paralelo_collapse,dynamic,1024,4
2026-09-23 20:25:24,1.76477,4096,4096,5000,-0.745144,-0.742144,0.130326,0.133326,deCasa,paralelo_collapse,guided,64,4
2026-09-23 20:25:35,1.51339,4096,4096,5000,-0.745144,-0.742144,0.130326,0.133326,deCasa,paralelo_collapse,guided,1024,4
2026-09-23 20:25:45,2.08657,4096,4096,5000,-0.745144,-0.742144,0.130326,0.133326,deCasa,paralelo_collapse,auto,0,4
